split,dataset,family,k,queries,initial_recall,count_expanded_recall,initial_queries_below_k,initial_partitions_mean,initial_partitions_p50,initial_partitions_p90,initial_partitions_p95,initial_partitions_p99,initial_partitions_max,initial_scanned_rows_mean,initial_scanned_rows_p50,initial_scanned_rows_p90,initial_scanned_rows_p95,initial_scanned_rows_p99,initial_scanned_rows_max,count_expanded_partitions_mean,count_expanded_partitions_p50,count_expanded_partitions_p90,count_expanded_partitions_p95,count_expanded_partitions_p99,count_expanded_partitions_max,count_expanded_scanned_rows_mean,count_expanded_scanned_rows_p50,count_expanded_scanned_rows_p90,count_expanded_scanned_rows_p95,count_expanded_scanned_rows_p99,count_expanded_scanned_rows_max
calibration,dino-10m,gap,1,3072,1,1,0,1598.8274739583333,2006,2385,2402,2440,2441,6587201.689453125,8286284,9785075.2,9849852.5,9999994,10000000,1598.8274739583333,2006,2385,2402,2440,2441,6587201.689453125,8286284,9785075.2,9849852.5,9999994,10000000
calibration,dino-10m,gap,2,3072,0.9998372395833334,0.9998372395833334,0,1598.8274739583333,2006,2385,2402,2440,2441,6587201.689453125,8286284,9785075.2,9849852.5,9999994,10000000,1598.8274739583333,2006,2385,2402,2440,2441,6587201.689453125,8286284,9785075.2,9849852.5,9999994,10000000
calibration,dino-10m,gap,10,3072,0.9998372395833334,0.9998372395833334,0,1598.8274739583333,2006,2385,2402,2440,2441,6587201.689453125,8286284,9785075.2,9849852.5,9999994,10000000,1598.8274739583333,2006,2385,2402,2440,2441,6587201.689453125,8286284,9785075.2,9849852.5,9999994,10000000
calibration,dino-10m,gap,11,3072,0.9998224431818182,0.9998224431818182,0,1598.8274739583333,2006,2385,2402,2440,2441,6587201.689453125,8286284,9785075.2,9849852.5,9999994,10000000,1598.8274739583333,2006,2385,2402,2440,2441,6587201.689453125,8286284,9785075.2,9849852.5,9999994,10000000
calibration,dino-10m,gap,100,3072,0.99970703125,0.99970703125,0,1598.8274739583333,2006,2385,2402,2440,2441,6587201.689453125,8286284,9785075.2,9849852.5,9999994,10000000,1598.8274739583333,2006,2385,2402,2440,2441,6587201.689453125,8286284,9785075.2,9849852.5,9999994,10000000
calibration,dino-10m,gap,101,3072,0.9997067089521452,0.9997067089521452,0,1598.8274739583333,2006,2385,2402,2440,2441,6587201.689453125,8286284,9785075.2,9849852.5,9999994,10000000,1598.8274739583333,2006,2385,2402,2440,2441,6587201.689453125,8286284,9785075.2,9849852.5,9999994,10000000
calibration,dino-10m,gap,200,3072,0.9997135416666667,0.9997135416666667,0,1598.8274739583333,2006,2385,2402,2440,2441,6587201.689453125,8286284,9785075.2,9849852.5,9999994,10000000,1598.8274739583333,2006,2385,2402,2440,2441,6587201.689453125,8286284,9785075.2,9849852.5,9999994,10000000
calibration,dino-10m,gap,500,3072,0.9996360677083334,0.9996360677083334,0,1598.8274739583333,2006,2385,2402,2440,2441,6587201.689453125,8286284,9785075.2,9849852.5,9999994,10000000,1598.8274739583333,2006,2385,2402,2440,2441,6587201.689453125,8286284,9785075.2,9849852.5,9999994,10000000
calibration,dino-10m,gap,1000,3072,0.9994918619791666,0.9994918619791666,0,1598.8274739583333,2006,2385,2402,2440,2441,6587201.689453125,8286284,9785075.2,9849852.5,9999994,10000000,1598.8274739583333,2006,2385,2402,2440,2441,6587201.689453125,8286284,9785075.2,9849852.5,9999994,10000000
calibration,dino-10m,gap,1001,3072,0.9994920444139194,0.9994920444139194,0,1598.8274739583333,2006,2385,2402,2440,2441,6587201.689453125,8286284,9785075.2,9849852.5,9999994,10000000,1598.8274739583333,2006,2385,2402,2440,2441,6587201.689453125,8286284,9785075.2,9849852.5,9999994,10000000
calibration,dino-10m,gap,2000,3072,0.99904833984375,0.99904833984375,0,1598.8274739583333,2006,2385,2402,2440,2441,6587201.689453125,8286284,9785075.2,9849852.5,9999994,10000000,1598.8274739583333,2006,2385,2402,2440,2441,6587201.689453125,8286284,9785075.2,9849852.5,9999994,10000000
calibration,dino-10m,gap,5000,3072,0.9966874348958333,0.9967381510416666,5,1598.8274739583333,2006,2385,2402,2440,2441,6587201.689453125,8286284,9785075.2,9849852.5,9999994,10000000,1598.8294270833333,2006,2385,2402,2440,2441,6587209.380859375,8286284,9785075.2,9849852.5,9999994,10000000
calibration,dino-10m,gap,10000,3072,0.9928262369791667,0.9933415690104167,14,1598.8274739583333,2006,2385,2402,2440,2441,6587201.689453125,8286284,9785075.2,9849852.5,9999994,10000000,1598.8356119791667,2006,2385,2402,2440,2441,6587231.192708333,8286284,9785075.2,9849852.5,9999994,10000000
calibration,dino-10m,gap,20000,3072,0.9869522135416666,0.98830048828125,25,1598.8274739583333,2006,2385,2402,2440,2441,6587201.689453125,8286284,9785075.2,9849852.5,9999994,10000000,1598.8518880208333,2006,2385,2402,2440,2441,6587300.4469401045,8286284,9785075.2,9849852.5,9999994,10000000
calibration,dino-10m,gap,50000,3072,0.9742358919270834,0.978137109375,61,1598.8274739583333,2006,2385,2402,2440,2441,6587201.689453125,8286284,9785075.2,9849852.5,9999994,10000000,1598.9651692708333,2006,2385,2402,2440,2441,6587764.0231119795,8286284,9785075.2,9849852.5,9999994,10000000
calibration,dino-10m,gap,100000,3072,0.960000126953125,0.9664242708333334,97,1598.8274739583333,2006,2385,2402,2440,2441,6587201.689453125,8286284,9785075.2,9849852.5,9999994,10000000,1599.2783203125,2006,2385,2402,2440,2441,6589060.457682292,8286284,9785075.2,9849852.5,9999994,10000000
calibration,dino-10m,signed,1,3072,1,1,0,1598.8274739583333,2006,2385,2402,2440,2441,6587201.689453125,8286284,9785075.2,9849852.5,9999994,10000000,1598.8274739583333,2006,2385,2402,2440,2441,6587201.689453125,8286284,9785075.2,9849852.5,9999994,10000000
calibration,dino-10m,signed,2,3072,0.9998372395833334,0.9998372395833334,0,1598.8274739583333,2006,2385,2402,2440,2441,6587201.689453125,8286284,9785075.2,9849852.5,9999994,10000000,1598.8274739583333,2006,2385,2402,2440,2441,6587201.689453125,8286284,9785075.2,9849852.5,9999994,10000000
calibration,dino-10m,signed,10,3072,0.9998372395833334,0.9998372395833334,0,1598.8274739583333,2006,2385,2402,2440,2441,6587201.689453125,8286284,9785075.2,9849852.5,9999994,10000000,1598.8274739583333,2006,2385,2402,2440,2441,6587201.689453125,8286284,9785075.2,9849852.5,9999994,10000000
calibration,dino-10m,signed,11,3072,0.9998224431818182,0.9998224431818182,0,1598.8274739583333,2006,2385,2402,2440,2441,6587201.689453125,8286284,9785075.2,9849852.5,9999994,10000000,1598.8274739583333,2006,2385,2402,2440,2441,6587201.689453125,8286284,9785075.2,9849852.5,9999994,10000000
calibration,dino-10m,signed,100,3072,0.99970703125,0.99970703125,0,1598.8274739583333,2006,2385,2402,2440,2441,6587201.689453125,8286284,9785075.2,9849852.5,9999994,10000000,1598.8274739583333,2006,2385,2402,2440,2441,6587201.689453125,8286284,9785075.2,9849852.5,9999994,10000000
calibration,dino-10m,signed,101,3072,0.9997067089521452,0.9997067089521452,0,1598.8274739583333,2006,2385,2402,2440,2441,6587201.689453125,8286284,9785075.2,9849852.5,9999994,10000000,1598.8274739583333,2006,2385,2402,2440,2441,6587201.689453125,8286284,9785075.2,9849852.5,9999994,10000000
calibration,dino-10m,signed,200,3072,0.9997135416666667,0.9997135416666667,0,1598.8274739583333,2006,2385,2402,2440,2441,6587201.689453125,8286284,9785075.2,9849852.5,9999994,10000000,1598.8274739583333,2006,2385,2402,2440,2441,6587201.689453125,8286284,9785075.2,9849852.5,9999994,10000000
calibration,dino-10m,signed,500,3072,0.9996360677083334,0.9996360677083334,0,1598.8274739583333,2006,2385,2402,2440,2441,6587201.689453125,8286284,9785075.2,9849852.5,9999994,10000000,1598.8274739583333,2006,2385,2402,2440,2441,6587201.689453125,8286284,9785075.2,9849852.5,9999994,10000000
calibration,dino-10m,signed,1000,3072,0.9994918619791666,0.9994918619791666,0,1598.8274739583333,2006,2385,2402,2440,2441,6587201.689453125,8286284,9785075.2,9849852.5,9999994,10000000,1598.8274739583333,2006,2385,2402,2440,2441,6587201.689453125,8286284,9785075.2,9849852.5,9999994,10000000
calibration,dino-10m,signed,1001,3072,0.9994920444139194,0.9994920444139194,0,1598.8274739583333,2006,2385,2402,2440,2441,6587201.689453125,8286284,9785075.2,9849852.5,9999994,10000000,1598.8274739583333,2006,2385,2402,2440,2441,6587201.689453125,8286284,9785075.2,9849852.5,9999994,10000000
calibration,dino-10m,signed,2000,3072,0.99904833984375,0.99904833984375,0,1598.8274739583333,2006,2385,2402,2440,2441,6587201.689453125,8286284,9785075.2,9849852.5,9999994,10000000,1598.8274739583333,2006,2385,2402,2440,2441,6587201.689453125,8286284,9785075.2,9849852.5,9999994,10000000
calibration,dino-10m,signed,5000,3072,0.9966874348958333,0.9967381510416666,5,1598.8274739583333,2006,2385,2402,2440,2441,6587201.689453125,8286284,9785075.2,9849852.5,9999994,10000000,1598.8294270833333,2006,2385,2402,2440,2441,6587209.380859375,8286284,9785075.2,9849852.5,9999994,10000000
calibration,dino-10m,signed,10000,3072,0.9928262369791667,0.9933415690104167,14,1598.8274739583333,2006,2385,2402,2440,2441,6587201.689453125,8286284,9785075.2,9849852.5,9999994,10000000,1598.8356119791667,2006,2385,2402,2440,2441,6587231.192708333,8286284,9785075.2,9849852.5,9999994,10000000
calibration,dino-10m,signed,20000,3072,0.9869522135416666,0.98830048828125,25,1598.8274739583333,2006,2385,2402,2440,2441,6587201.689453125,8286284,9785075.2,9849852.5,9999994,10000000,1598.8518880208333,2006,2385,2402,2440,2441,6587300.4469401045,8286284,9785075.2,9849852.5,9999994,10000000
calibration,dino-10m,signed,50000,3072,0.9742358919270834,0.978137109375,61,1598.8274739583333,2006,2385,2402,2440,2441,6587201.689453125,8286284,9785075.2,9849852.5,9999994,10000000,1598.9651692708333,2006,2385,2402,2440,2441,6587764.0231119795,8286284,9785075.2,9849852.5,9999994,10000000
calibration,dino-10m,signed,100000,3072,0.960000126953125,0.9664242708333334,97,1598.8274739583333,2006,2385,2402,2440,2441,6587201.689453125,8286284,9785075.2,9849852.5,9999994,10000000,1599.2783203125,2006,2385,2402,2440,2441,6589060.457682292,8286284,9785075.2,9849852.5,9999994,10000000
calibration,dino-10m,current,1,3072,0.548828125,0.5491536458333334,2,1,1,1,1,1,1,4355.877604166667,4313,5690,6142,6972.119999999999,10169,1.0006510416666667,1,1,1,1,2,4360.58203125,4313,5693,6160.099999999997,7023.319999999996,10169
calibration,dino-10m,current,2,3072,1,1,0,2440.4176432291665,2441,2441,2441,2441,2441,9997765.056640625,10000000,10000000,10000000,10000000,10000000,2440.4176432291665,2441,2441,2441,2441,2441,9997765.056640625,10000000,10000000,10000000,10000000,10000000
calibration,dino-10m,current,10,3072,1,1,0,2440.4176432291665,2441,2441,2441,2441,2441,9997765.056640625,10000000,10000000,10000000,10000000,10000000,2440.4176432291665,2441,2441,2441,2441,2441,9997765.056640625,10000000,10000000,10000000,10000000,10000000
calibration,dino-10m,current,11,3072,1,1,0,2441,2441,2441,2441,2441,2441,10000000,10000000,10000000,10000000,10000000,10000000,2441,2441,2441,2441,2441,2441,10000000,10000000,10000000,10000000,10000000,10000000
calibration,dino-10m,current,100,3072,1,1,0,2441,2441,2441,2441,2441,2441,10000000,10000000,10000000,10000000,10000000,10000000,2441,2441,2441,2441,2441,2441,10000000,10000000,10000000,10000000,10000000,10000000
calibration,dino-10m,current,101,3072,1,1,0,2441,2441,2441,2441,2441,2441,10000000,10000000,10000000,10000000,10000000,10000000,2441,2441,2441,2441,2441,2441,10000000,10000000,10000000,10000000,10000000,10000000
calibration,dino-10m,current,200,3072,1,1,0,2441,2441,2441,2441,2441,2441,10000000,10000000,10000000,10000000,10000000,10000000,2441,2441,2441,2441,2441,2441,10000000,10000000,10000000,10000000,10000000,10000000
calibration,dino-10m,current,500,3072,1,1,0,2441,2441,2441,2441,2441,2441,10000000,10000000,10000000,10000000,10000000,10000000,2441,2441,2441,2441,2441,2441,10000000,10000000,10000000,10000000,10000000,10000000
calibration,dino-10m,current,1000,3072,1,1,0,2441,2441,2441,2441,2441,2441,10000000,10000000,10000000,10000000,10000000,10000000,2441,2441,2441,2441,2441,2441,10000000,10000000,10000000,10000000,10000000,10000000
calibration,dino-10m,current,1001,3072,1,1,0,2441,2441,2441,2441,2441,2441,10000000,10000000,10000000,10000000,10000000,10000000,2441,2441,2441,2441,2441,2441,10000000,10000000,10000000,10000000,10000000,10000000
calibration,dino-10m,current,2000,3072,1,1,0,2441,2441,2441,2441,2441,2441,10000000,10000000,10000000,10000000,10000000,10000000,2441,2441,2441,2441,2441,2441,10000000,10000000,10000000,10000000,10000000,10000000
calibration,dino-10m,current,5000,3072,1,1,0,2441,2441,2441,2441,2441,2441,10000000,10000000,10000000,10000000,10000000,10000000,2441,2441,2441,2441,2441,2441,10000000,10000000,10000000,10000000,10000000,10000000
calibration,dino-10m,current,10000,3072,1,1,0,2441,2441,2441,2441,2441,2441,10000000,10000000,10000000,10000000,10000000,10000000,2441,2441,2441,2441,2441,2441,10000000,10000000,10000000,10000000,10000000,10000000
calibration,dino-10m,current,20000,3072,1,1,0,2441,2441,2441,2441,2441,2441,10000000,10000000,10000000,10000000,10000000,10000000,2441,2441,2441,2441,2441,2441,10000000,10000000,10000000,10000000,10000000,10000000
calibration,dino-10m,current,50000,3072,1,1,0,2441,2441,2441,2441,2441,2441,10000000,10000000,10000000,10000000,10000000,10000000,2441,2441,2441,2441,2441,2441,10000000,10000000,10000000,10000000,10000000,10000000
calibration,dino-10m,current,100000,3072,1,1,0,2441,2441,2441,2441,2441,2441,10000000,10000000,10000000,10000000,10000000,10000000,2441,2441,2441,2441,2441,2441,10000000,10000000,10000000,10000000,10000000,10000000
calibration,dino-10m,reference_profiles,1,3072,0.9462890625,0.9462890625,0,9.634765625,6,19,19,19,19,40876.984700520836,27381.5,80136,83924.75,92394.61,108067,9.634765625,6,19,19,19,19,40876.984700520836,27381.5,80136,83924.75,92394.61,108067
calibration,dino-10m,reference_profiles,2,3072,0.9615885416666666,0.9615885416666666,0,13.0732421875,9,24,24,24,24,55366.603841145836,39987,102977.40000000001,106741.9,117755.34,133968,13.0732421875,9,24,24,24,24,55366.603841145836,39987,102977.40000000001,106741.9,117755.34,133968
calibration,dino-10m,reference_profiles,10,3072,0.95009765625,0.95009765625,0,13.0732421875,9,24,24,24,24,55366.603841145836,39987,102977.40000000001,106741.9,117755.34,133968,13.0732421875,9,24,24,24,24,55366.603841145836,39987,102977.40000000001,106741.9,117755.34,133968
calibration,dino-10m,reference_profiles,11,3072,0.9728929924242424,0.9728929924242424,0,22.012369791666668,16,38,38,38,38,92780.3466796875,68072.5,163030.4,167903.15,181547.93999999997,193722,22.012369791666668,16,38,38,38,38,92780.3466796875,68072.5,163030.4,167903.15,181547.93999999997,193722
calibration,dino-10m,reference_profiles,100,3072,0.9511295572916667,0.9511295572916667,0,22.012369791666668,16,38,38,38,38,92780.3466796875,68072.5,163030.4,167903.15,181547.93999999997,193722,22.012369791666668,16,38,38,38,38,92780.3466796875,68072.5,163030.4,167903.15,181547.93999999997,193722
calibration,dino-10m,reference_profiles,101,3072,0.9684051412953796,0.9684051412953796,0,31.779947916666668,22,56,56,56,56,133668.27408854166,94744.5,239493,247446.75,260724.36,276616,31.779947916666668,22,56,56,56,56,133668.27408854166,94744.5,239493,247446.75,260724.36,276616
calibration,dino-10m,reference_profiles,200,3072,0.96009765625,0.96009765625,0,31.779947916666668,22,56,56,56,56,133668.27408854166,94744.5,239493,247446.75,260724.36,276616,31.779947916666668,22,56,56,56,56,133668.27408854166,94744.5,239493,247446.75,260724.36,276616
calibration,dino-10m,reference_profiles,500,3072,0.960044921875,0.960044921875,0,41.192708333333336,22,81,81,81,81,173074.2373046875,102659.5,342626.9,352161.64999999997,368810.15,388492,41.192708333333336,22,81,81,81,81,173074.2373046875,102659.5,342626.9,352161.64999999997,368810.15,388492
calibration,dino-10m,reference_profiles,1000,3072,0.9600006510416667,0.9600006510416667,0,52.3271484375,30,93,93,93,93,219508.26302083334,136480.5,395301.7,406245.3,421275.73,442250,52.3271484375,30,93,93,93,93,219508.26302083334,136480.5,395301.7,406245.3,421275.73,442250
calibration,dino-10m,reference_profiles,10000,3072,0.9600017252604167,0.9600017252604167,0,151.95670572916666,98,238,238,238,238,634764.4280598959,432261,1009176,1022215.4,1036228.8,1071091,151.95670572916666,98,238,238,238,238,634764.4280598959,432261,1009176,1022215.4,1036228.8,1071091
calibration,dino-10m,reference_profiles,100000,3072,0.96000130859375,0.96000130859375,0,546.9807942708334,463,704,704,704,704,2280872.8157552085,1955356,2949659.1,2962919.6,2980833.77,3003420,546.9807942708334,463,704,704,704,704,2280872.8157552085,1955356,2949659.1,2962919.6,2980833.77,3003420
calibration,laion-10m,gap,1,3072,1,1,0,1747.5706380208333,2282,2438,2441,2441,2441,7228921.84375,9458308.5,9998432.6,10000000,10000000,10000000,1747.5706380208333,2282,2438,2441,2441,2441,7228921.84375,9458308.5,9998432.6,10000000,10000000,10000000
calibration,laion-10m,gap,2,3072,1,1,0,1747.5706380208333,2282,2438,2441,2441,2441,7228921.84375,9458308.5,9998432.6,10000000,10000000,10000000,1747.5706380208333,2282,2438,2441,2441,2441,7228921.84375,9458308.5,9998432.6,10000000,10000000,10000000
calibration,laion-10m,gap,10,3072,1,1,0,1747.5706380208333,2282,2438,2441,2441,2441,7228921.84375,9458308.5,9998432.6,10000000,10000000,10000000,1747.5706380208333,2282,2438,2441,2441,2441,7228921.84375,9458308.5,9998432.6,10000000,10000000,10000000
calibration,laion-10m,gap,11,3072,1,1,0,1747.5706380208333,2282,2438,2441,2441,2441,7228921.84375,9458308.5,9998432.6,10000000,10000000,10000000,1747.5706380208333,2282,2438,2441,2441,2441,7228921.84375,9458308.5,9998432.6,10000000,10000000,10000000
calibration,laion-10m,gap,100,3072,0.9999739583333334,0.9999739583333334,0,1747.5706380208333,2282,2438,2441,2441,2441,7228921.84375,9458308.5,9998432.6,10000000,10000000,10000000,1747.5706380208333,2282,2438,2441,2441,2441,7228921.84375,9458308.5,9998432.6,10000000,10000000,10000000
calibration,laion-10m,gap,101,3072,0.9999742161716172,0.9999742161716172,0,1747.5706380208333,2282,2438,2441,2441,2441,7228921.84375,9458308.5,9998432.6,10000000,10000000,10000000,1747.5706380208333,2282,2438,2441,2441,2441,7228921.84375,9458308.5,9998432.6,10000000,10000000,10000000
calibration,laion-10m,gap,200,3072,0.9999658203125,0.9999658203125,0,1747.5706380208333,2282,2438,2441,2441,2441,7228921.84375,9458308.5,9998432.6,10000000,10000000,10000000,1747.5706380208333,2282,2438,2441,2441,2441,7228921.84375,9458308.5,9998432.6,10000000,10000000,10000000
calibration,laion-10m,gap,500,3072,0.9999361979166667,0.9999361979166667,0,1747.5706380208333,2282,2438,2441,2441,2441,7228921.84375,9458308.5,9998432.6,10000000,10000000,10000000,1747.5706380208333,2282,2438,2441,2441,2441,7228921.84375,9458308.5,9998432.6,10000000,10000000,10000000
calibration,laion-10m,gap,1000,3072,0.9998564453125,0.9998564453125,0,1747.5706380208333,2282,2438,2441,2441,2441,7228921.84375,9458308.5,9998432.6,10000000,10000000,10000000,1747.5706380208333,2282,2438,2441,2441,2441,7228921.84375,9458308.5,9998432.6,10000000,10000000,10000000
calibration,laion-10m,gap,1001,3072,0.9998559383325009,0.9998559383325009,0,1747.5706380208333,2282,2438,2441,2441,2441,7228921.84375,9458308.5,9998432.6,10000000,10000000,10000000,1747.5706380208333,2282,2438,2441,2441,2441,7228921.84375,9458308.5,9998432.6,10000000,10000000,10000000
calibration,laion-10m,gap,2000,3072,0.9995009765625,0.9995162760416667,1,1747.5706380208333,2282,2438,2441,2441,2441,7228921.84375,9458308.5,9998432.6,10000000,10000000,10000000,1747.5709635416667,2282,2438,2441,2441,2441,7228923.444010417,9458308.5,9998432.6,10000000,10000000,10000000
calibration,laion-10m,gap,5000,3072,0.9978883463541667,0.9979077473958333,2,1747.5706380208333,2282,2438,2441,2441,2441,7228921.84375,9458308.5,9998432.6,10000000,10000000,10000000,1747.5712890625,2282,2438,2441,2441,2441,7228925.0322265625,9458308.5,9998432.6,10000000,10000000,10000000
calibration,laion-10m,gap,10000,3072,0.9949834635416667,0.99531787109375,7,1747.5706380208333,2282,2438,2441,2441,2441,7228921.84375,9458308.5,9998432.6,10000000,10000000,10000000,1747.5735677083333,2282,2438,2441,2441,2441,7228934.083333333,9458308.5,9998432.6,10000000,10000000,10000000
calibration,laion-10m,gap,20000,3072,0.9896642740885416,0.9907119303385417,22,1747.5706380208333,2282,2438,2441,2441,2441,7228921.84375,9458308.5,9998432.6,10000000,10000000,10000000,1747.5888671875,2282,2438,2441,2441,2441,7228994.6669921875,9458308.5,9998432.6,10000000,10000000,10000000
calibration,laion-10m,gap,50000,3072,0.9767803645833333,0.98011837890625,47,1747.5706380208333,2282,2438,2441,2441,2441,7228921.84375,9458308.5,9998432.6,10000000,10000000,10000000,1747.6767578125,2282,2438,2441,2441,2441,7229352.05859375,9458308.5,9998432.6,10000000,10000000,10000000
calibration,laion-10m,gap,100000,3072,0.9600072493489583,0.966160810546875,88,1747.5706380208333,2282,2438,2441,2441,2441,7228921.84375,9458308.5,9998432.6,10000000,10000000,10000000,1747.9720052083333,2282,2438,2441,2441,2441,7230531.154947917,9458308.5,9998432.6,10000000,10000000,10000000
calibration,laion-10m,signed,1,3072,1,1,0,1747.5706380208333,2282,2438,2441,2441,2441,7228921.84375,9458308.5,9998432.6,10000000,10000000,10000000,1747.5706380208333,2282,2438,2441,2441,2441,7228921.84375,9458308.5,9998432.6,10000000,10000000,10000000
calibration,laion-10m,signed,2,3072,1,1,0,1747.5706380208333,2282,2438,2441,2441,2441,7228921.84375,9458308.5,9998432.6,10000000,10000000,10000000,1747.5706380208333,2282,2438,2441,2441,2441,7228921.84375,9458308.5,9998432.6,10000000,10000000,10000000
calibration,laion-10m,signed,10,3072,1,1,0,1747.5706380208333,2282,2438,2441,2441,2441,7228921.84375,9458308.5,9998432.6,10000000,10000000,10000000,1747.5706380208333,2282,2438,2441,2441,2441,7228921.84375,9458308.5,9998432.6,10000000,10000000,10000000
calibration,laion-10m,signed,11,3072,1,1,0,1747.5706380208333,2282,2438,2441,2441,2441,7228921.84375,9458308.5,9998432.6,10000000,10000000,10000000,1747.5706380208333,2282,2438,2441,2441,2441,7228921.84375,9458308.5,9998432.6,10000000,10000000,10000000
calibration,laion-10m,signed,100,3072,0.9999739583333334,0.9999739583333334,0,1747.5706380208333,2282,2438,2441,2441,2441,7228921.84375,9458308.5,9998432.6,10000000,10000000,10000000,1747.5706380208333,2282,2438,2441,2441,2441,7228921.84375,9458308.5,9998432.6,10000000,10000000,10000000
calibration,laion-10m,signed,101,3072,0.9999742161716172,0.9999742161716172,0,1747.5706380208333,2282,2438,2441,2441,2441,7228921.84375,9458308.5,9998432.6,10000000,10000000,10000000,1747.5706380208333,2282,2438,2441,2441,2441,7228921.84375,9458308.5,9998432.6,10000000,10000000,10000000
calibration,laion-10m,signed,200,3072,0.9999658203125,0.9999658203125,0,1747.5706380208333,2282,2438,2441,2441,2441,7228921.84375,9458308.5,9998432.6,10000000,10000000,10000000,1747.5706380208333,2282,2438,2441,2441,2441,7228921.84375,9458308.5,9998432.6,10000000,10000000,10000000
calibration,laion-10m,signed,500,3072,0.9999361979166667,0.9999361979166667,0,1747.5706380208333,2282,2438,2441,2441,2441,7228921.84375,9458308.5,9998432.6,10000000,10000000,10000000,1747.5706380208333,2282,2438,2441,2441,2441,7228921.84375,9458308.5,9998432.6,10000000,10000000,10000000
calibration,laion-10m,signed,1000,3072,0.9998564453125,0.9998564453125,0,1747.5706380208333,2282,2438,2441,2441,2441,7228921.84375,9458308.5,9998432.6,10000000,10000000,10000000,1747.5706380208333,2282,2438,2441,2441,2441,7228921.84375,9458308.5,9998432.6,10000000,10000000,10000000
calibration,laion-10m,signed,1001,3072,0.9998559383325009,0.9998559383325009,0,1747.5706380208333,2282,2438,2441,2441,2441,7228921.84375,9458308.5,9998432.6,10000000,10000000,10000000,1747.5706380208333,2282,2438,2441,2441,2441,7228921.84375,9458308.5,9998432.6,10000000,10000000,10000000
calibration,laion-10m,signed,2000,3072,0.9995009765625,0.9995162760416667,1,1747.5706380208333,2282,2438,2441,2441,2441,7228921.84375,9458308.5,9998432.6,10000000,10000000,10000000,1747.5709635416667,2282,2438,2441,2441,2441,7228923.444010417,9458308.5,9998432.6,10000000,10000000,10000000
calibration,laion-10m,signed,5000,3072,0.9978883463541667,0.9979077473958333,2,1747.5706380208333,2282,2438,2441,2441,2441,7228921.84375,9458308.5,9998432.6,10000000,10000000,10000000,1747.5712890625,2282,2438,2441,2441,2441,7228925.0322265625,9458308.5,9998432.6,10000000,10000000,10000000
calibration,laion-10m,signed,10000,3072,0.9949834635416667,0.99531787109375,7,1747.5706380208333,2282,2438,2441,2441,2441,7228921.84375,9458308.5,9998432.6,10000000,10000000,10000000,1747.5735677083333,2282,2438,2441,2441,2441,7228934.083333333,9458308.5,9998432.6,10000000,10000000,10000000
calibration,laion-10m,signed,20000,3072,0.9896642740885416,0.9907119303385417,22,1747.5706380208333,2282,2438,2441,2441,2441,7228921.84375,9458308.5,9998432.6,10000000,10000000,10000000,1747.5888671875,2282,2438,2441,2441,2441,7228994.6669921875,9458308.5,9998432.6,10000000,10000000,10000000
calibration,laion-10m,signed,50000,3072,0.9767803645833333,0.98011837890625,47,1747.5706380208333,2282,2438,2441,2441,2441,7228921.84375,9458308.5,9998432.6,10000000,10000000,10000000,1747.6767578125,2282,2438,2441,2441,2441,7229352.05859375,9458308.5,9998432.6,10000000,10000000,10000000
calibration,laion-10m,signed,100000,3072,0.9600072493489583,0.966160810546875,88,1747.5706380208333,2282,2438,2441,2441,2441,7228921.84375,9458308.5,9998432.6,10000000,10000000,10000000,1747.9720052083333,2282,2438,2441,2441,2441,7230531.154947917,9458308.5,9998432.6,10000000,10000000,10000000
calibration,laion-10m,current,1,3072,0.5927734375,0.5927734375,0,1,1,1,1,1,1,4537.03515625,4428.5,6070.400000000001,6604,7899,10000,1,1,1,1,1,1,4537.03515625,4428.5,6070.400000000001,6604,7899,10000
calibration,laion-10m,current,2,3072,1,1,0,2430.5263671875,2441,2441,2441,2441,2441,9960924.15625,10000000,10000000,10000000,10000000,10000000,2430.5263671875,2441,2441,2441,2441,2441,9960924.15625,10000000,10000000,10000000,10000000,10000000
calibration,laion-10m,current,10,3072,1,1,0,2430.5263671875,2441,2441,2441,2441,2441,9960924.15625,10000000,10000000,10000000,10000000,10000000,2430.5263671875,2441,2441,2441,2441,2441,9960924.15625,10000000,10000000,10000000,10000000,10000000
calibration,laion-10m,current,11,3072,1,1,0,2440.2044270833335,2441,2441,2441,2441,2441,9996744.414388021,10000000,10000000,10000000,10000000,10000000,2440.2044270833335,2441,2441,2441,2441,2441,9996744.414388021,10000000,10000000,10000000,10000000,10000000
calibration,laion-10m,current,100,3072,1,1,0,2440.2044270833335,2441,2441,2441,2441,2441,9996744.414388021,10000000,10000000,10000000,10000000,10000000,2440.2044270833335,2441,2441,2441,2441,2441,9996744.414388021,10000000,10000000,10000000,10000000,10000000
calibration,laion-10m,current,101,3072,1,1,0,2440.2044270833335,2441,2441,2441,2441,2441,9996744.414388021,10000000,10000000,10000000,10000000,10000000,2440.2044270833335,2441,2441,2441,2441,2441,9996744.414388021,10000000,10000000,10000000,10000000,10000000
calibration,laion-10m,current,200,3072,1,1,0,2440.2044270833335,2441,2441,2441,2441,2441,9996744.414388021,10000000,10000000,10000000,10000000,10000000,2440.2044270833335,2441,2441,2441,2441,2441,9996744.414388021,10000000,10000000,10000000,10000000,10000000
calibration,laion-10m,current,500,3072,1,1,0,2440.2044270833335,2441,2441,2441,2441,2441,9996744.414388021,10000000,10000000,10000000,10000000,10000000,2440.2044270833335,2441,2441,2441,2441,2441,9996744.414388021,10000000,10000000,10000000,10000000,10000000
calibration,laion-10m,current,1000,3072,1,1,0,2440.2044270833335,2441,2441,2441,2441,2441,9996744.414388021,10000000,10000000,10000000,10000000,10000000,2440.2044270833335,2441,2441,2441,2441,2441,9996744.414388021,10000000,10000000,10000000,10000000,10000000
calibration,laion-10m,current,1001,3072,1,1,0,2440.2044270833335,2441,2441,2441,2441,2441,9996744.414388021,10000000,10000000,10000000,10000000,10000000,2440.2044270833335,2441,2441,2441,2441,2441,9996744.414388021,10000000,10000000,10000000,10000000,10000000
calibration,laion-10m,current,2000,3072,1,1,0,2440.2044270833335,2441,2441,2441,2441,2441,9996744.414388021,10000000,10000000,10000000,10000000,10000000,2440.2044270833335,2441,2441,2441,2441,2441,9996744.414388021,10000000,10000000,10000000,10000000,10000000
calibration,laion-10m,current,5000,3072,0.9998227213541667,0.9998235026041666,1,2440.2044270833335,2441,2441,2441,2441,2441,9996744.414388021,10000000,10000000,10000000,10000000,10000000,2440.2047526041665,2441,2441,2441,2441,2441,9996746.002604166,10000000,10000000,10000000,10000000,10000000
calibration,laion-10m,current,10000,3072,0.9997486979166667,0.9998947265625,1,2440.2044270833335,2441,2441,2441,2441,2441,9996744.414388021,10000000,10000000,10000000,10000000,10000000,2440.205078125,2441,2441,2441,2441,2441,9996747.330078125,10000000,10000000,10000000,10000000,10000000
calibration,laion-10m,current,20000,3072,0.9997115885416666,0.999852685546875,1,2440.2044270833335,2441,2441,2441,2441,2441,9996744.414388021,10000000,10000000,10000000,10000000,10000000,2440.2057291666665,2441,2441,2441,2441,2441,9996750.239583334,10000000,10000000,10000000,10000000,10000000
calibration,laion-10m,current,50000,3072,0.9996893229166667,0.9998147526041666,1,2440.2044270833335,2441,2441,2441,2441,2441,9996744.414388021,10000000,10000000,10000000,10000000,10000000,2440.2083333333335,2441,2441,2441,2441,2441,9996760.901367188,10000000,10000000,10000000,10000000,10000000
calibration,laion-10m,current,100000,3072,0.9996819010416667,0.999808603515625,1,2440.2044270833335,2441,2441,2441,2441,2441,9996744.414388021,10000000,10000000,10000000,10000000,10000000,2440.2122395833335,2441,2441,2441,2441,2441,9996777.240234375,10000000,10000000,10000000,10000000,10000000
calibration,laion-10m,reference_profiles,1,3072,0.9674479166666666,0.9674479166666666,0,13.503255208333334,6,44,50,50,50,56875.734049479164,26974.5,182614.00000000003,206834.55,219038.72,233604,13.503255208333334,6,44,50,50,50,56875.734049479164,26974.5,182614.00000000003,206834.55,219038.72,233604
calibration,laion-10m,reference_profiles,2,3072,0.9814453125,0.9814453125,0,23.205403645833332,10,77,77,77,77,97059.94694010417,41901.5,301574.9,319947.75,335998.39,351655,23.205403645833332,10,77,77,77,77,97059.94694010417,41901.5,301574.9,319947.75,335998.39,351655
calibration,laion-10m,reference_profiles,10,3072,0.9708984375,0.9708984375,0,23.205403645833332,10,77,77,77,77,97059.94694010417,41901.5,301574.9,319947.75,335998.39,351655,23.205403645833332,10,77,77,77,77,97059.94694010417,41901.5,301574.9,319947.75,335998.39,351655
calibration,laion-10m,reference_profiles,11,3072,0.9850260416666666,0.9850260416666666,0,39.229166666666664,19,106,106,106,106,163339.08138020834,80344.5,437436,450081.1,466692.38,487819,39.229166666666664,19,106,106,106,106,163339.08138020834,80344.5,437436,450081.1,466692.38,487819
calibration,laion-10m,reference_profiles,100,3072,0.9690787760416667,0.9690787760416667,0,39.229166666666664,19,106,106,106,106,163339.08138020834,80344.5,437436,450081.1,466692.38,487819,39.229166666666664,19,106,106,106,106,163339.08138020834,80344.5,437436,450081.1,466692.38,487819
calibration,laion-10m,reference_profiles,101,3072,0.9820641243811881,0.9820641243811881,0,58.2685546875,25,156,156,156,156,242334.8017578125,102923,641243.4,659420.95,678436.6799999999,703309,58.2685546875,25,156,156,156,156,242334.8017578125,102923,641243.4,659420.95,678436.6799999999,703309
calibration,laion-10m,reference_profiles,200,3072,0.9759309895833334,0.9759309895833334,0,58.2685546875,25,156,156,156,156,242334.8017578125,102923,641243.4,659420.95,678436.6799999999,703309,58.2685546875,25,156,156,156,156,242334.8017578125,102923,641243.4,659420.95,678436.6799999999,703309
calibration,laion-10m,reference_profiles,500,3072,0.97519921875,0.97519921875,0,76.63932291666667,32,192,192,192,192,318381.3151041667,133479.5,794239.7,812633.0499999999,832626.6,863581,76.63932291666667,32,192,192,192,192,318381.3151041667,133479.5,794239.7,812633.0499999999,832626.6,863581
calibration,laion-10m,reference_profiles,1000,3072,0.9720709635416667,0.9720709635416667,0,94.55826822916667,36,248,248,248,248,392971.5071614583,158075.5,1023104,1046379.5,1070447.35,1099807,94.55826822916667,36,248,248,248,248,392971.5071614583,158075.5,1023104,1046379.5,1070447.35,1099807
calibration,laion-10m,reference_profiles,10000,3072,0.96504033203125,0.96504033203125,0,232.14518229166666,128,447,447,447,447,965361.5628255209,527124.5,1877954.4,1895505.1,1922251.13,1947444,232.14518229166666,128,447,447,447,447,965361.5628255209,527124.5,1877954.4,1895505.1,1922251.13,1947444
calibration,laion-10m,reference_profiles,100000,3072,0.960018828125,0.960018828125,0,761.6344401041666,738,888.8000000000002,958,958,958,3189063.31640625,3102235.5,3711181.3000000007,4002199.95,4046211.72,4086195,761.6344401041666,738,888.8000000000002,958,958,958,3189063.31640625,3102235.5,3711181.3000000007,4002199.95,4046211.72,4086195
calibration,fineweb-10m,gap,1,3200,1,1,0,2409.3109375,2439,2441,2441,2441,2441,9882551.200625,9997850,10000000,10000000,10000000,10000000,2409.3109375,2439,2441,2441,2441,2441,9882551.200625,9997850,10000000,10000000,10000000,10000000
calibration,fineweb-10m,gap,2,3200,1,1,0,2409.3109375,2439,2441,2441,2441,2441,9882551.200625,9997850,10000000,10000000,10000000,10000000,2409.3109375,2439,2441,2441,2441,2441,9882551.200625,9997850,10000000,10000000,10000000,10000000
calibration,fineweb-10m,gap,10,3200,1,1,0,2409.3109375,2439,2441,2441,2441,2441,9882551.200625,9997850,10000000,10000000,10000000,10000000,2409.3109375,2439,2441,2441,2441,2441,9882551.200625,9997850,10000000,10000000,10000000,10000000
calibration,fineweb-10m,gap,11,3200,1,1,0,2409.3109375,2439,2441,2441,2441,2441,9882551.200625,9997850,10000000,10000000,10000000,10000000,2409.3109375,2439,2441,2441,2441,2441,9882551.200625,9997850,10000000,10000000,10000000,10000000
calibration,fineweb-10m,gap,100,3200,0.99999375,0.99999375,0,2409.3109375,2439,2441,2441,2441,2441,9882551.200625,9997850,10000000,10000000,10000000,10000000,2409.3109375,2439,2441,2441,2441,2441,9882551.200625,9997850,10000000,10000000,10000000,10000000
calibration,fineweb-10m,gap,101,3200,0.9999938118811881,0.9999938118811881,0,2409.3109375,2439,2441,2441,2441,2441,9882551.200625,9997850,10000000,10000000,10000000,10000000,2409.3109375,2439,2441,2441,2441,2441,9882551.200625,9997850,10000000,10000000,10000000,10000000
calibration,fineweb-10m,gap,200,3200,0.999996875,0.999996875,0,2409.3109375,2439,2441,2441,2441,2441,9882551.200625,9997850,10000000,10000000,10000000,10000000,2409.3109375,2439,2441,2441,2441,2441,9882551.200625,9997850,10000000,10000000,10000000,10000000
calibration,fineweb-10m,gap,500,3200,0.9999825,0.9999825,0,2409.3109375,2439,2441,2441,2441,2441,9882551.200625,9997850,10000000,10000000,10000000,10000000,2409.3109375,2439,2441,2441,2441,2441,9882551.200625,9997850,10000000,10000000,10000000,10000000
calibration,fineweb-10m,gap,1000,3200,0.9999515625,0.9999515625,0,2409.3109375,2439,2441,2441,2441,2441,9882551.200625,9997850,10000000,10000000,10000000,10000000,2409.3109375,2439,2441,2441,2441,2441,9882551.200625,9997850,10000000,10000000,10000000,10000000
calibration,fineweb-10m,gap,1001,3200,0.9999516108891109,0.9999516108891109,0,2409.3109375,2439,2441,2441,2441,2441,9882551.200625,9997850,10000000,10000000,10000000,10000000,2409.3109375,2439,2441,2441,2441,2441,9882551.200625,9997850,10000000,10000000,10000000,10000000
calibration,fineweb-10m,gap,2000,3200,0.9998165625,0.9998340625,1,2409.3109375,2439,2441,2441,2441,2441,9882551.200625,9997850,10000000,10000000,10000000,10000000,2409.31125,2439,2441,2441,2441,2441,9882551.7765625,9997850,10000000,10000000,10000000,10000000
calibration,fineweb-10m,gap,5000,3200,0.9995724375,0.9996206875,1,2409.3109375,2439,2441,2441,2441,2441,9882551.200625,9997850,10000000,10000000,10000000,10000000,2409.3115625,2439,2441,2441,2441,2441,9882552.951875,9997850,10000000,10000000,10000000,10000000
calibration,fineweb-10m,gap,10000,3200,0.99945359375,0.99953240625,2,2409.3109375,2439,2441,2441,2441,2441,9882551.200625,9997850,10000000,10000000,10000000,10000000,2409.3121875,2439,2441,2441,2441,2441,9882555.920625,9997850,10000000,10000000,10000000,10000000
calibration,fineweb-10m,gap,20000,3200,0.999358453125,0.999459203125,2,2409.3109375,2439,2441,2441,2441,2441,9882551.200625,9997850,10000000,10000000,10000000,10000000,2409.31375,2439,2441,2441,2441,2441,9882562.5090625,9997850,10000000,10000000,10000000,10000000
calibration,fineweb-10m,gap,50000,3200,0.9992289875,0.99936199375,2,2409.3109375,2439,2441,2441,2441,2441,9882551.200625,9997850,10000000,10000000,10000000,10000000,2409.3178125,2439,2441,2441,2441,2441,9882579.9834375,9997850,10000000,10000000,10000000,10000000
calibration,fineweb-10m,gap,100000,3200,0.9990903125,0.9992783625,2,2409.3109375,2439,2441,2441,2441,2441,9882551.200625,9997850,10000000,10000000,10000000,10000000,2409.3253125,2439,2441,2441,2441,2441,9882613.161875,9997850,10000000,10000000,10000000,10000000
calibration,fineweb-10m,signed,1,3200,1,1,0,2409.3109375,2439,2441,2441,2441,2441,9882551.200625,9997850,10000000,10000000,10000000,10000000,2409.3109375,2439,2441,2441,2441,2441,9882551.200625,9997850,10000000,10000000,10000000,10000000
calibration,fineweb-10m,signed,2,3200,1,1,0,2409.3109375,2439,2441,2441,2441,2441,9882551.200625,9997850,10000000,10000000,10000000,10000000,2409.3109375,2439,2441,2441,2441,2441,9882551.200625,9997850,10000000,10000000,10000000,10000000
calibration,fineweb-10m,signed,10,3200,1,1,0,2409.3109375,2439,2441,2441,2441,2441,9882551.200625,9997850,10000000,10000000,10000000,10000000,2409.3109375,2439,2441,2441,2441,2441,9882551.200625,9997850,10000000,10000000,10000000,10000000
calibration,fineweb-10m,signed,11,3200,1,1,0,2409.3109375,2439,2441,2441,2441,2441,9882551.200625,9997850,10000000,10000000,10000000,10000000,2409.3109375,2439,2441,2441,2441,2441,9882551.200625,9997850,10000000,10000000,10000000,10000000
calibration,fineweb-10m,signed,100,3200,0.99999375,0.99999375,0,2409.3109375,2439,2441,2441,2441,2441,9882551.200625,9997850,10000000,10000000,10000000,10000000,2409.3109375,2439,2441,2441,2441,2441,9882551.200625,9997850,10000000,10000000,10000000,10000000
calibration,fineweb-10m,signed,101,3200,0.9999938118811881,0.9999938118811881,0,2409.3109375,2439,2441,2441,2441,2441,9882551.200625,9997850,10000000,10000000,10000000,10000000,2409.3109375,2439,2441,2441,2441,2441,9882551.200625,9997850,10000000,10000000,10000000,10000000
calibration,fineweb-10m,signed,200,3200,0.999996875,0.999996875,0,2409.3109375,2439,2441,2441,2441,2441,9882551.200625,9997850,10000000,10000000,10000000,10000000,2409.3109375,2439,2441,2441,2441,2441,9882551.200625,9997850,10000000,10000000,10000000,10000000
calibration,fineweb-10m,signed,500,3200,0.9999825,0.9999825,0,2409.3109375,2439,2441,2441,2441,2441,9882551.200625,9997850,10000000,10000000,10000000,10000000,2409.3109375,2439,2441,2441,2441,2441,9882551.200625,9997850,10000000,10000000,10000000,10000000
calibration,fineweb-10m,signed,1000,3200,0.9999515625,0.9999515625,0,2409.3109375,2439,2441,2441,2441,2441,9882551.200625,9997850,10000000,10000000,10000000,10000000,2409.3109375,2439,2441,2441,2441,2441,9882551.200625,9997850,10000000,10000000,10000000,10000000
calibration,fineweb-10m,signed,1001,3200,0.9999516108891109,0.9999516108891109,0,2409.3109375,2439,2441,2441,2441,2441,9882551.200625,9997850,10000000,10000000,10000000,10000000,2409.3109375,2439,2441,2441,2441,2441,9882551.200625,9997850,10000000,10000000,10000000,10000000
calibration,fineweb-10m,signed,2000,3200,0.9998165625,0.9998340625,1,2409.3109375,2439,2441,2441,2441,2441,9882551.200625,9997850,10000000,10000000,10000000,10000000,2409.31125,2439,2441,2441,2441,2441,9882551.7765625,9997850,10000000,10000000,10000000,10000000
calibration,fineweb-10m,signed,5000,3200,0.9995724375,0.9996206875,1,2409.3109375,2439,2441,2441,2441,2441,9882551.200625,9997850,10000000,10000000,10000000,10000000,2409.3115625,2439,2441,2441,2441,2441,9882552.951875,9997850,10000000,10000000,10000000,10000000
calibration,fineweb-10m,signed,10000,3200,0.99945359375,0.99953240625,2,2409.3109375,2439,2441,2441,2441,2441,9882551.200625,9997850,10000000,10000000,10000000,10000000,2409.3121875,2439,2441,2441,2441,2441,9882555.920625,9997850,10000000,10000000,10000000,10000000
calibration,fineweb-10m,signed,20000,3200,0.999358453125,0.999459203125,2,2409.3109375,2439,2441,2441,2441,2441,9882551.200625,9997850,10000000,10000000,10000000,10000000,2409.31375,2439,2441,2441,2441,2441,9882562.5090625,9997850,10000000,10000000,10000000,10000000
calibration,fineweb-10m,signed,50000,3200,0.9992289875,0.99936199375,2,2409.3109375,2439,2441,2441,2441,2441,9882551.200625,9997850,10000000,10000000,10000000,10000000,2409.3178125,2439,2441,2441,2441,2441,9882579.9834375,9997850,10000000,10000000,10000000,10000000
calibration,fineweb-10m,signed,100000,3200,0.9990903125,0.9992783625,2,2409.3109375,2439,2441,2441,2441,2441,9882551.200625,9997850,10000000,10000000,10000000,10000000,2409.3253125,2439,2441,2441,2441,2441,9882613.161875,9997850,10000000,10000000,10000000,10000000
calibration,fineweb-10m,current,1,3200,0.506875,0.506875,0,1,1,1,1,1,1,4449.958125,4342,6014.699999999999,6523,7914,9551,1,1,1,1,1,1,4449.958125,4342,6014.699999999999,6523,7914,9551
calibration,fineweb-10m,current,2,3200,1,1,0,2440.5159375,2441,2441,2441,2441,2441,9998018.3865625,10000000,10000000,10000000,10000000,10000000,2440.5159375,2441,2441,2441,2441,2441,9998018.3865625,10000000,10000000,10000000,10000000,10000000
calibration,fineweb-10m,current,10,3200,1,1,0,2440.5159375,2441,2441,2441,2441,2441,9998018.3865625,10000000,10000000,10000000,10000000,10000000,2440.5159375,2441,2441,2441,2441,2441,9998018.3865625,10000000,10000000,10000000,10000000,10000000
calibration,fineweb-10m,current,11,3200,1,1,0,2441,2441,2441,2441,2441,2441,10000000,10000000,10000000,10000000,10000000,10000000,2441,2441,2441,2441,2441,2441,10000000,10000000,10000000,10000000,10000000,10000000
calibration,fineweb-10m,current,100,3200,1,1,0,2441,2441,2441,2441,2441,2441,10000000,10000000,10000000,10000000,10000000,10000000,2441,2441,2441,2441,2441,2441,10000000,10000000,10000000,10000000,10000000,10000000
calibration,fineweb-10m,current,101,3200,1,1,0,2441,2441,2441,2441,2441,2441,10000000,10000000,10000000,10000000,10000000,10000000,2441,2441,2441,2441,2441,2441,10000000,10000000,10000000,10000000,10000000,10000000
calibration,fineweb-10m,current,200,3200,1,1,0,2441,2441,2441,2441,2441,2441,10000000,10000000,10000000,10000000,10000000,10000000,2441,2441,2441,2441,2441,2441,10000000,10000000,10000000,10000000,10000000,10000000
calibration,fineweb-10m,current,500,3200,1,1,0,2441,2441,2441,2441,2441,2441,10000000,10000000,10000000,10000000,10000000,10000000,2441,2441,2441,2441,2441,2441,10000000,10000000,10000000,10000000,10000000,10000000
calibration,fineweb-10m,current,1000,3200,1,1,0,2441,2441,2441,2441,2441,2441,10000000,10000000,10000000,10000000,10000000,10000000,2441,2441,2441,2441,2441,2441,10000000,10000000,10000000,10000000,10000000,10000000
calibration,fineweb-10m,current,1001,3200,1,1,0,2441,2441,2441,2441,2441,2441,10000000,10000000,10000000,10000000,10000000,10000000,2441,2441,2441,2441,2441,2441,10000000,10000000,10000000,10000000,10000000,10000000
calibration,fineweb-10m,current,2000,3200,1,1,0,2441,2441,2441,2441,2441,2441,10000000,10000000,10000000,10000000,10000000,10000000,2441,2441,2441,2441,2441,2441,10000000,10000000,10000000,10000000,10000000,10000000
calibration,fineweb-10m,current,5000,3200,1,1,0,2441,2441,2441,2441,2441,2441,10000000,10000000,10000000,10000000,10000000,10000000,2441,2441,2441,2441,2441,2441,10000000,10000000,10000000,10000000,10000000,10000000
calibration,fineweb-10m,current,10000,3200,1,1,0,2441,2441,2441,2441,2441,2441,10000000,10000000,10000000,10000000,10000000,10000000,2441,2441,2441,2441,2441,2441,10000000,10000000,10000000,10000000,10000000,10000000
calibration,fineweb-10m,current,20000,3200,1,1,0,2441,2441,2441,2441,2441,2441,10000000,10000000,10000000,10000000,10000000,10000000,2441,2441,2441,2441,2441,2441,10000000,10000000,10000000,10000000,10000000,10000000
calibration,fineweb-10m,current,50000,3200,1,1,0,2441,2441,2441,2441,2441,2441,10000000,10000000,10000000,10000000,10000000,10000000,2441,2441,2441,2441,2441,2441,10000000,10000000,10000000,10000000,10000000,10000000
calibration,fineweb-10m,current,100000,3200,1,1,0,2441,2441,2441,2441,2441,2441,10000000,10000000,10000000,10000000,10000000,10000000,2441,2441,2441,2441,2441,2441,10000000,10000000,10000000,10000000,10000000,10000000
calibration,fineweb-10m,reference_profiles,1,3200,0.9471875,0.9471875,0,22.4325,17,50,50,50,50,92439.6859375,69725,203610.5,211361.89999999997,220798.22999999998,229851,22.4325,17,50,50,50,50,92439.6859375,69725,203610.5,211361.89999999997,220798.22999999998,229851
calibration,fineweb-10m,reference_profiles,2,3200,0.9665625,0.9665625,0,37.76875,29,77,77,77,77,154711.4834375,117562.5,316306.5,324439,335828.24999999994,348706,37.76875,29,77,77,77,77,154711.4834375,117562.5,316306.5,324439,335828.24999999994,348706
calibration,fineweb-10m,reference_profiles,10,3200,0.95075,0.95075,0,37.76875,29,77,77,77,77,154711.4834375,117562.5,316306.5,324439,335828.24999999994,348706,37.76875,29,77,77,77,77,154711.4834375,117562.5,316306.5,324439,335828.24999999994,348706
calibration,fineweb-10m,reference_profiles,11,3200,0.9703693181818182,0.9703693181818182,0,65.8471875,71,106,106,106,106,268599.3953125,289090,440325.2,448189.94999999995,459734.52999999997,473795,65.8471875,71,106,106,106,106,268599.3953125,289090,440325.2,448189.94999999995,459734.52999999997,473795
calibration,fineweb-10m,reference_profiles,100,3200,0.950828125,0.950828125,0,65.8471875,71,106,106,106,106,268599.3953125,289090,440325.2,448189.94999999995,459734.52999999997,473795,65.8471875,71,106,106,106,106,268599.3953125,289090,440325.2,448189.94999999995,459734.52999999997,473795
calibration,fineweb-10m,reference_profiles,101,3200,0.9663923267326733,0.9663923267326733,0,95.240625,98,156,156,156,156,388009.6625,398941.5,645706.2,655222.1,667505.96,685472,95.240625,98,156,156,156,156,388009.6625,398941.5,645706.2,655222.1,667505.96,685472
calibration,fineweb-10m,reference_profiles,200,3200,0.96003125,0.96003125,0,95.240625,98,156,156,156,156,388009.6625,398941.5,645706.2,655222.1,667505.96,685472,95.240625,98,156,156,156,156,388009.6625,398941.5,645706.2,655222.1,667505.96,685472
calibration,fineweb-10m,reference_profiles,500,3200,0.960006875,0.960006875,0,122.1246875,133,192,192,192,192,497275.0940625,541299.5,794726.2,804314.15,817700.85,841790,122.1246875,133,192,192,192,192,497275.0940625,541299.5,794726.2,804314.15,817700.85,841790
calibration,fineweb-10m,reference_profiles,1000,3200,0.9600009375,0.9600009375,0,153.0640625,159,248,248,248,248,623187.851875,650915.5,1022793.1,1033879.3999999999,1052293.41,1075443,153.0640625,159,248,248,248,248,623187.851875,650915.5,1022793.1,1033879.3999999999,1052293.41,1075443
calibration,fineweb-10m,reference_profiles,10000,3200,0.96001459375,0.96001459375,0,350.4165625,447,447,447,447,447,1428832.6534375,1794288,1853773.6,1865779.4,1884110.14,1910978,350.4165625,447,447,447,447,447,1428832.6534375,1794288,1853773.6,1865779.4,1884110.14,1910978
calibration,fineweb-10m,reference_profiles,100000,3200,0.960285975,0.960285975,0,801.09375,738,958,958,958,958,3282301.1653125,3046314.5,3934868.7,3961545,3996692.85,4040928,801.09375,738,958,958,958,958,3282301.1653125,3046314.5,3934868.7,3961545,3996692.85,4040928
calibration,wiki-cohere-35m,gap,1,2500,1,1,0,8494.4676,8500,8520,8523.05,8529,8535,34994238.6368,34999796,34999923,34999939,34999961.01,34999976,8494.4676,8500,8520,8523.05,8529,8535,34994238.6368,34999796,34999923,34999939,34999961.01,34999976
calibration,wiki-cohere-35m,gap,2,2500,1,1,0,8494.4676,8500,8520,8523.05,8529,8535,34994238.6368,34999796,34999923,34999939,34999961.01,34999976,8494.4676,8500,8520,8523.05,8529,8535,34994238.6368,34999796,34999923,34999939,34999961.01,34999976
calibration,wiki-cohere-35m,gap,10,2500,1,1,0,8494.4676,8500,8520,8523.05,8529,8535,34994238.6368,34999796,34999923,34999939,34999961.01,34999976,8494.4676,8500,8520,8523.05,8529,8535,34994238.6368,34999796,34999923,34999939,34999961.01,34999976
calibration,wiki-cohere-35m,gap,11,2500,1,1,0,8494.4676,8500,8520,8523.05,8529,8535,34994238.6368,34999796,34999923,34999939,34999961.01,34999976,8494.4676,8500,8520,8523.05,8529,8535,34994238.6368,34999796,34999923,34999939,34999961.01,34999976
calibration,wiki-cohere-35m,gap,100,2500,1,1,0,8494.4676,8500,8520,8523.05,8529,8535,34994238.6368,34999796,34999923,34999939,34999961.01,34999976,8494.4676,8500,8520,8523.05,8529,8535,34994238.6368,34999796,34999923,34999939,34999961.01,34999976
calibration,wiki-cohere-35m,gap,101,2500,1,1,0,8494.4676,8500,8520,8523.05,8529,8535,34994238.6368,34999796,34999923,34999939,34999961.01,34999976,8494.4676,8500,8520,8523.05,8529,8535,34994238.6368,34999796,34999923,34999939,34999961.01,34999976
calibration,wiki-cohere-35m,gap,200,2500,1,1,0,8494.4676,8500,8520,8523.05,8529,8535,34994238.6368,34999796,34999923,34999939,34999961.01,34999976,8494.4676,8500,8520,8523.05,8529,8535,34994238.6368,34999796,34999923,34999939,34999961.01,34999976
calibration,wiki-cohere-35m,gap,500,2500,1,1,0,8494.4676,8500,8520,8523.05,8529,8535,34994238.6368,34999796,34999923,34999939,34999961.01,34999976,8494.4676,8500,8520,8523.05,8529,8535,34994238.6368,34999796,34999923,34999939,34999961.01,34999976
calibration,wiki-cohere-35m,gap,1000,2500,1,1,0,8494.4676,8500,8520,8523.05,8529,8535,34994238.6368,34999796,34999923,34999939,34999961.01,34999976,8494.4676,8500,8520,8523.05,8529,8535,34994238.6368,34999796,34999923,34999939,34999961.01,34999976
calibration,wiki-cohere-35m,gap,1001,2500,1,1,0,8494.4676,8500,8520,8523.05,8529,8535,34994238.6368,34999796,34999923,34999939,34999961.01,34999976,8494.4676,8500,8520,8523.05,8529,8535,34994238.6368,34999796,34999923,34999939,34999961.01,34999976
calibration,wiki-cohere-35m,gap,2000,2500,1,1,0,8494.4676,8500,8520,8523.05,8529,8535,34994238.6368,34999796,34999923,34999939,34999961.01,34999976,8494.4676,8500,8520,8523.05,8529,8535,34994238.6368,34999796,34999923,34999939,34999961.01,34999976
calibration,wiki-cohere-35m,gap,5000,2500,1,1,0,8494.4676,8500,8520,8523.05,8529,8535,34994238.6368,34999796,34999923,34999939,34999961.01,34999976,8494.4676,8500,8520,8523.05,8529,8535,34994238.6368,34999796,34999923,34999939,34999961.01,34999976
calibration,wiki-cohere-35m,gap,10000,2500,0.99999996,0.99999996,0,8494.4676,8500,8520,8523.05,8529,8535,34994238.6368,34999796,34999923,34999939,34999961.01,34999976,8494.4676,8500,8520,8523.05,8529,8535,34994238.6368,34999796,34999923,34999939,34999961.01,34999976
calibration,wiki-cohere-35m,gap,20000,2500,0.99999994,0.99999994,0,8494.4676,8500,8520,8523.05,8529,8535,34994238.6368,34999796,34999923,34999939,34999961.01,34999976,8494.4676,8500,8520,8523.05,8529,8535,34994238.6368,34999796,34999923,34999939,34999961.01,34999976
calibration,wiki-cohere-35m,gap,50000,2500,0.999999904,0.999999904,0,8494.4676,8500,8520,8523.05,8529,8535,34994238.6368,34999796,34999923,34999939,34999961.01,34999976,8494.4676,8500,8520,8523.05,8529,8535,34994238.6368,34999796,34999923,34999939,34999961.01,34999976
calibration,wiki-cohere-35m,gap,100000,2500,0.999999844,0.999999844,0,8494.4676,8500,8520,8523.05,8529,8535,34994238.6368,34999796,34999923,34999939,34999961.01,34999976,8494.4676,8500,8520,8523.05,8529,8535,34994238.6368,34999796,34999923,34999939,34999961.01,34999976
calibration,wiki-cohere-35m,current,1,2500,0.4636,0.4636,0,1,1,1,1,1,1,4620.3428,4531,6319,6759.199999999999,8174,12250,1,1,1,1,1,1,4620.3428,4531,6319,6759.199999999999,8174,12250
calibration,wiki-cohere-35m,current,2,2500,1,1,0,8545,8545,8545,8545,8545,8545,35000000,35000000,35000000,35000000,35000000,35000000,8545,8545,8545,8545,8545,8545,35000000,35000000,35000000,35000000,35000000,35000000
calibration,wiki-cohere-35m,current,10,2500,1,1,0,8545,8545,8545,8545,8545,8545,35000000,35000000,35000000,35000000,35000000,35000000,8545,8545,8545,8545,8545,8545,35000000,35000000,35000000,35000000,35000000,35000000
calibration,wiki-cohere-35m,current,11,2500,1,1,0,8545,8545,8545,8545,8545,8545,35000000,35000000,35000000,35000000,35000000,35000000,8545,8545,8545,8545,8545,8545,35000000,35000000,35000000,35000000,35000000,35000000
calibration,wiki-cohere-35m,current,100,2500,1,1,0,8545,8545,8545,8545,8545,8545,35000000,35000000,35000000,35000000,35000000,35000000,8545,8545,8545,8545,8545,8545,35000000,35000000,35000000,35000000,35000000,35000000
calibration,wiki-cohere-35m,current,101,2500,1,1,0,8545,8545,8545,8545,8545,8545,35000000,35000000,35000000,35000000,35000000,35000000,8545,8545,8545,8545,8545,8545,35000000,35000000,35000000,35000000,35000000,35000000
calibration,wiki-cohere-35m,current,200,2500,1,1,0,8545,8545,8545,8545,8545,8545,35000000,35000000,35000000,35000000,35000000,35000000,8545,8545,8545,8545,8545,8545,35000000,35000000,35000000,35000000,35000000,35000000
calibration,wiki-cohere-35m,current,500,2500,1,1,0,8545,8545,8545,8545,8545,8545,35000000,35000000,35000000,35000000,35000000,35000000,8545,8545,8545,8545,8545,8545,35000000,35000000,35000000,35000000,35000000,35000000
calibration,wiki-cohere-35m,current,1000,2500,1,1,0,8545,8545,8545,8545,8545,8545,35000000,35000000,35000000,35000000,35000000,35000000,8545,8545,8545,8545,8545,8545,35000000,35000000,35000000,35000000,35000000,35000000
calibration,wiki-cohere-35m,current,1001,2500,1,1,0,8545,8545,8545,8545,8545,8545,35000000,35000000,35000000,35000000,35000000,35000000,8545,8545,8545,8545,8545,8545,35000000,35000000,35000000,35000000,35000000,35000000
calibration,wiki-cohere-35m,current,2000,2500,1,1,0,8545,8545,8545,8545,8545,8545,35000000,35000000,35000000,35000000,35000000,35000000,8545,8545,8545,8545,8545,8545,35000000,35000000,35000000,35000000,35000000,35000000
calibration,wiki-cohere-35m,current,5000,2500,1,1,0,8545,8545,8545,8545,8545,8545,35000000,35000000,35000000,35000000,35000000,35000000,8545,8545,8545,8545,8545,8545,35000000,35000000,35000000,35000000,35000000,35000000
calibration,wiki-cohere-35m,current,10000,2500,1,1,0,8545,8545,8545,8545,8545,8545,35000000,35000000,35000000,35000000,35000000,35000000,8545,8545,8545,8545,8545,8545,35000000,35000000,35000000,35000000,35000000,35000000
calibration,wiki-cohere-35m,current,20000,2500,1,1,0,8545,8545,8545,8545,8545,8545,35000000,35000000,35000000,35000000,35000000,35000000,8545,8545,8545,8545,8545,8545,35000000,35000000,35000000,35000000,35000000,35000000
calibration,wiki-cohere-35m,current,50000,2500,1,1,0,8545,8545,8545,8545,8545,8545,35000000,35000000,35000000,35000000,35000000,35000000,8545,8545,8545,8545,8545,8545,35000000,35000000,35000000,35000000,35000000,35000000
calibration,wiki-cohere-35m,current,100000,2500,1,1,0,8545,8545,8545,8545,8545,8545,35000000,35000000,35000000,35000000,35000000,35000000,8545,8545,8545,8545,8545,8545,35000000,35000000,35000000,35000000,35000000,35000000
calibration,wiki-cohere-35m,reference_profiles,1,2500,0.956,0.956,0,111.9836,112,112,112,112,112,488524.3596,487145.5,521365.1,529980.95,543937.9599999994,564431,111.9836,112,112,112,112,112,488524.3596,487145.5,521365.1,529980.95,543937.9599999994,564431
calibration,wiki-cohere-35m,reference_profiles,2,2500,0.9722,0.9722,0,264.4152,215.5,432,432,432,432,1159468.6056,939409,1941451.4,1973088.3499999999,2021011.0499999998,2068645,264.4152,215.5,432,432,432,432,1159468.6056,939409,1941451.4,1973088.3499999999,2021011.0499999998,2068645
calibration,wiki-cohere-35m,reference_profiles,10,2500,0.95608,0.95608,0,264.4152,215.5,432,432,432,432,1159468.6056,939409,1941451.4,1973088.3499999999,2021011.0499999998,2068645,264.4152,215.5,432,432,432,432,1159468.6056,939409,1941451.4,1973088.3499999999,2021011.0499999998,2068645
calibration,wiki-cohere-35m,reference_profiles,11,2500,0.9721454545454545,0.9721454545454545,0,444.146,371,768,768,768,768,1951499.2448,1606276,3442871.1,3484911.35,3557813.9599999995,3620859,444.146,371,768,768,768,768,1951499.2448,1606276,3442871.1,3484911.35,3557813.9599999995,3620859
calibration,wiki-cohere-35m,reference_profiles,100,2500,0.957728,0.957728,0,444.146,371,768,768,768,768,1951499.2448,1606276,3442871.1,3484911.35,3557813.9599999995,3620859,444.146,371,768,768,768,768,1951499.2448,1606276,3442871.1,3484911.35,3557813.9599999995,3620859
calibration,wiki-cohere-35m,reference_profiles,101,2500,0.964019801980198,0.964019801980198,0,534.0592,517,833,833,833,833,2346534.4908,2256946.5,3746462.1,3787542.45,3853233.3499999996,3910537,534.0592,517,833,833,833,833,2346534.4908,2256946.5,3746462.1,3787542.45,3853233.3499999996,3910537
calibration,wiki-cohere-35m,reference_profiles,200,2500,0.960014,0.960014,0,534.0592,517,833,833,833,833,2346534.4908,2256946.5,3746462.1,3787542.45,3853233.3499999996,3910537,534.0592,517,833,833,833,833,2346534.4908,2256946.5,3746462.1,3787542.45,3853233.3499999996,3910537
calibration,wiki-cohere-35m,reference_profiles,500,2500,0.9600168,0.9600168,0,625.2524,610.5,971,971,971,971,2749316.2944,2662949,4367867.4,4411162.449999999,4482103.159999999,4555100,625.2524,610.5,971,971,971,971,2749316.2944,2662949,4367867.4,4411162.449999999,4482103.159999999,4555100
calibration,wiki-cohere-35m,reference_profiles,1000,2500,0.9602436,0.9602436,0,716.2228,718,1092,1092,1092,1092,3150874.9664,3132977,4910217.9,4958403.85,5034878,5106223,716.2228,718,1092,1092,1092,1092,3150874.9664,3132977,4910217.9,4958403.85,5034878,5106223
calibration,wiki-cohere-35m,reference_profiles,10000,2500,0.96003664,0.96003664,0,1254.9944,1329.5,1824,1824,1824,1824,5531838.818,5835786,8187522.5,8252522.85,8329194.77,8389317,1254.9944,1329.5,1824,1824,1824,1824,5531838.818,5835786,8187522.5,8252522.85,8329194.77,8389317
calibration,wiki-cohere-35m,reference_profiles,100000,2500,0.960235952,0.960235952,0,2528,2528,2528,2528,2528,2528,11147283.564,11158507.5,11350432.8,11408399.6,11489154.78,11604610,2528,2528,2528,2528,2528,2528,11147283.564,11158507.5,11350432.8,11408399.6,11489154.78,11604610
calibration,dpr-wikipedia-single-nq,gap,1,1805,0.9994459833795014,0.9994459833795014,0,1324.4836565096953,1185,2303.600000000001,2678.2,3256,3745,5356327.743490305,4790202,9317915.8,10879223.4,13289232.64,15320865,1324.4836565096953,1185,2303.600000000001,2678.2,3256,3745,5356327.743490305,4790202,9317915.8,10879223.4,13289232.64,15320865
calibration,dpr-wikipedia-single-nq,gap,2,1805,0.9997229916897507,0.9997229916897507,0,1324.4836565096953,1185,2303.600000000001,2678.2,3256,3745,5356327.743490305,4790202,9317915.8,10879223.4,13289232.64,15320865,1324.4836565096953,1185,2303.600000000001,2678.2,3256,3745,5356327.743490305,4790202,9317915.8,10879223.4,13289232.64,15320865
calibration,dpr-wikipedia-single-nq,gap,10,1805,0.9995013850415513,0.9995013850415513,0,1324.4836565096953,1185,2303.600000000001,2678.2,3256,3745,5356327.743490305,4790202,9317915.8,10879223.4,13289232.64,15320865,1324.4836565096953,1185,2303.600000000001,2678.2,3256,3745,5356327.743490305,4790202,9317915.8,10879223.4,13289232.64,15320865
calibration,dpr-wikipedia-single-nq,gap,11,1805,0.9993452530848653,0.9993452530848653,0,1324.4836565096953,1185,2303.600000000001,2678.2,3256,3745,5356327.743490305,4790202,9317915.8,10879223.4,13289232.64,15320865,1324.4836565096953,1185,2303.600000000001,2678.2,3256,3745,5356327.743490305,4790202,9317915.8,10879223.4,13289232.64,15320865
calibration,dpr-wikipedia-single-nq,gap,100,1805,0.998808864265928,0.998808864265928,0,1324.4836565096953,1185,2303.600000000001,2678.2,3256,3745,5356327.743490305,4790202,9317915.8,10879223.4,13289232.64,15320865,1324.4836565096953,1185,2303.600000000001,2678.2,3256,3745,5356327.743490305,4790202,9317915.8,10879223.4,13289232.64,15320865
calibration,dpr-wikipedia-single-nq,gap,101,1805,0.9987987164367407,0.9987987164367407,0,1324.4836565096953,1185,2303.600000000001,2678.2,3256,3745,5356327.743490305,4790202,9317915.8,10879223.4,13289232.64,15320865,1324.4836565096953,1185,2303.600000000001,2678.2,3256,3745,5356327.743490305,4790202,9317915.8,10879223.4,13289232.64,15320865
calibration,dpr-wikipedia-single-nq,gap,200,1805,0.9984653739612188,0.9984653739612188,0,1324.4836565096953,1185,2303.600000000001,2678.2,3256,3745,5356327.743490305,4790202,9317915.8,10879223.4,13289232.64,15320865,1324.4836565096953,1185,2303.600000000001,2678.2,3256,3745,5356327.743490305,4790202,9317915.8,10879223.4,13289232.64,15320865
calibration,dpr-wikipedia-single-nq,gap,500,1805,0.9977285318559557,0.9977285318559557,0,1324.4836565096953,1185,2303.600000000001,2678.2,3256,3745,5356327.743490305,4790202,9317915.8,10879223.4,13289232.64,15320865,1324.4836565096953,1185,2303.600000000001,2678.2,3256,3745,5356327.743490305,4790202,9317915.8,10879223.4,13289232.64,15320865
calibration,dpr-wikipedia-single-nq,gap,1000,1805,0.9970465373961219,0.9970465373961219,0,1324.4836565096953,1185,2303.600000000001,2678.2,3256,3745,5356327.743490305,4790202,9317915.8,10879223.4,13289232.64,15320865,1324.4836565096953,1185,2303.600000000001,2678.2,3256,3745,5356327.743490305,4790202,9317915.8,10879223.4,13289232.64,15320865
calibration,dpr-wikipedia-single-nq,gap,1001,1805,0.9970433998134829,0.9970433998134829,0,1324.4836565096953,1185,2303.600000000001,2678.2,3256,3745,5356327.743490305,4790202,9317915.8,10879223.4,13289232.64,15320865,1324.4836565096953,1185,2303.600000000001,2678.2,3256,3745,5356327.743490305,4790202,9317915.8,10879223.4,13289232.64,15320865
calibration,dpr-wikipedia-single-nq,gap,2000,1805,0.9960152354570637,0.9960152354570637,0,1324.4836565096953,1185,2303.600000000001,2678.2,3256,3745,5356327.743490305,4790202,9317915.8,10879223.4,13289232.64,15320865,1324.4836565096953,1185,2303.600000000001,2678.2,3256,3745,5356327.743490305,4790202,9317915.8,10879223.4,13289232.64,15320865
calibration,dpr-wikipedia-single-nq,gap,5000,1805,0.99370891966759,0.99370891966759,0,1324.4836565096953,1185,2303.600000000001,2678.2,3256,3745,5356327.743490305,4790202,9317915.8,10879223.4,13289232.64,15320865,1324.4836565096953,1185,2303.600000000001,2678.2,3256,3745,5356327.743490305,4790202,9317915.8,10879223.4,13289232.64,15320865
calibration,dpr-wikipedia-single-nq,gap,10000,1805,0.9907330747922438,0.9907330747922438,0,1324.4836565096953,1185,2303.600000000001,2678.2,3256,3745,5356327.743490305,4790202,9317915.8,10879223.4,13289232.64,15320865,1324.4836565096953,1185,2303.600000000001,2678.2,3256,3745,5356327.743490305,4790202,9317915.8,10879223.4,13289232.64,15320865
calibration,dpr-wikipedia-single-nq,gap,20000,1805,0.9860124653739613,0.9860124653739613,0,1324.4836565096953,1185,2303.600000000001,2678.2,3256,3745,5356327.743490305,4790202,9317915.8,10879223.4,13289232.64,15320865,1324.4836565096953,1185,2303.600000000001,2678.2,3256,3745,5356327.743490305,4790202,9317915.8,10879223.4,13289232.64,15320865
calibration,dpr-wikipedia-single-nq,gap,50000,1805,0.9748164542936288,0.9748164542936288,0,1324.4836565096953,1185,2303.600000000001,2678.2,3256,3745,5356327.743490305,4790202,9317915.8,10879223.4,13289232.64,15320865,1324.4836565096953,1185,2303.600000000001,2678.2,3256,3745,5356327.743490305,4790202,9317915.8,10879223.4,13289232.64,15320865
calibration,dpr-wikipedia-single-nq,gap,100000,1805,0.9600000443213297,0.9600000443213297,0,1324.4836565096953,1185,2303.600000000001,2678.2,3256,3745,5356327.743490305,4790202,9317915.8,10879223.4,13289232.64,15320865,1324.4836565096953,1185,2303.600000000001,2678.2,3256,3745,5356327.743490305,4790202,9317915.8,10879223.4,13289232.64,15320865
calibration,dpr-wikipedia-single-nq,current,1,1805,1,1,0,3622.2271468144045,3716,4486.400000000001,4624,4789.96,4953,14807495.317451524,15210975,18397251,18961420,19681727.080000002,20355595,3622.2271468144045,3716,4486.400000000001,4624,4789.96,4953,14807495.317451524,15210975,18397251,18961420,19681727.080000002,20355595
calibration,dpr-wikipedia-single-nq,current,2,1805,0.3254847645429363,0.3254847645429363,0,1,1,1,1,1,1,4029.065373961219,3967,5188.000000000001,5506,6894.720000000003,9545,1,1,1,1,1,1,4029.065373961219,3967,5188.000000000001,5506,6894.720000000003,9545
calibration,dpr-wikipedia-single-nq,current,10,1805,0.3044321329639889,0.3044321329639889,0,1,1,1,1,1,1,4029.065373961219,3967,5188.000000000001,5506,6894.720000000003,9545,1,1,1,1,1,1,4029.065373961219,3967,5188.000000000001,5506,6894.720000000003,9545
calibration,dpr-wikipedia-single-nq,current,11,1805,0.3030470914127424,0.3030470914127424,0,1,1,1,1,1,1,4029.065373961219,3967,5188.000000000001,5506,6894.720000000003,9545,1,1,1,1,1,1,4029.065373961219,3967,5188.000000000001,5506,6894.720000000003,9545
calibration,dpr-wikipedia-single-nq,current,100,1805,0.25494736842105264,0.25494736842105264,0,1,1,1,1,1,1,4029.065373961219,3967,5188.000000000001,5506,6894.720000000003,9545,1,1,1,1,1,1,4029.065373961219,3967,5188.000000000001,5506,6894.720000000003,9545
calibration,dpr-wikipedia-single-nq,current,101,1805,0.2547434244809523,0.2547434244809523,0,1,1,1,1,1,1,4029.065373961219,3967,5188.000000000001,5506,6894.720000000003,9545,1,1,1,1,1,1,4029.065373961219,3967,5188.000000000001,5506,6894.720000000003,9545
calibration,dpr-wikipedia-single-nq,current,200,1805,0.2379252077562327,0.2379252077562327,0,1,1,1,1,1,1,4029.065373961219,3967,5188.000000000001,5506,6894.720000000003,9545,1,1,1,1,1,1,4029.065373961219,3967,5188.000000000001,5506,6894.720000000003,9545
calibration,dpr-wikipedia-single-nq,current,500,1805,0.21081440443213295,0.21081440443213295,0,1,1,1,1,1,1,4029.065373961219,3967,5188.000000000001,5506,6894.720000000003,9545,1,1,1,1,1,1,4029.065373961219,3967,5188.000000000001,5506,6894.720000000003,9545
calibration,dpr-wikipedia-single-nq,current,1000,1805,0.18796565096952908,0.18803268698060943,1,1,1,1,1,1,1,4029.065373961219,3967,5188.000000000001,5506,6894.720000000003,9545,1.0005540166204987,1,1,1,1,2,4031.315235457064,3970,5188.000000000001,5506,6894.720000000003,9545
calibration,dpr-wikipedia-single-nq,current,1001,1805,0.18793228931733086,0.18799925835936918,1,1,1,1,1,1,1,4029.065373961219,3967,5188.000000000001,5506,6894.720000000003,9545,1.0005540166204987,1,1,1,1,2,4031.315235457064,3970,5188.000000000001,5506,6894.720000000003,9545
calibration,dpr-wikipedia-single-nq,current,2000,1805,0.1626185595567867,0.16409113573407202,30,1,1,1,1,1,1,4029.065373961219,3967,5188.000000000001,5506,6894.720000000003,9545,1.0166204986149585,1,1,1,2,2,4092.7429362880885,3981,5226,5594,7169,9545
calibration,dpr-wikipedia-single-nq,current,5000,1805,0.12570171745152356,0.19516764542936288,1567,1,1,1,1,1,1,4029.065373961219,3967,5188.000000000001,5506,6894.720000000003,9545,1.8814404432132965,2,2,2,3,3,7585.221052631579,7695,9301,9769,11011.000000000004,12857
calibration,dpr-wikipedia-single-nq,current,10000,1805,0.09717445983379501,0.21265058171745152,1805,1,1,1,1,1,1,4029.065373961219,3967,5188.000000000001,5506,6894.720000000003,9545,3.0210526315789474,3,4,4,4,5,12148.480886426592,12103,13936.6,14335.8,15408.600000000002,18552
calibration,dpr-wikipedia-single-nq,current,20000,1805,0.07043116343490305,0.24184434903047092,1805,1,1,1,1,1,1,4029.065373961219,3967,5188.000000000001,5506,6894.720000000003,9545,5.532409972299169,5,6,7,7,8,22114.55623268698,21984,23918.600000000002,24408.8,25353.920000000002,27639
calibration,dpr-wikipedia-single-nq,current,50000,1805,0.041594027700831024,0.28134342382271466,1805,1,1,1,1,1,1,4029.065373961219,3967,5188.000000000001,5506,6894.720000000003,9545,13.145706371191135,13,14,15,16,17,52093.258171745154,52020,53810.4,54338.8,55179.44,56364
calibration,dpr-wikipedia-single-nq,current,100000,1805,0.025966903047091414,0.31116445983379504,1805,1,1,1,1,1,1,4029.065373961219,3967,5188.000000000001,5506,6894.720000000003,9545,25.885318559556787,26,28,29,30,32,102075.30083102493,101983,103843.4,104375.4,105441,107936
calibration,dpr-wikipedia-single-nq,reference_profiles,1,1805,0.9606648199445983,0.9606648199445983,0,94.40775623268698,112,112,112,112,112,374356.35734072025,427882,462908.60000000003,467125,474426.88,485129,94.40775623268698,112,112,112,112,112,374356.35734072025,427882,462908.60000000003,467125,474426.88,485129
calibration,dpr-wikipedia-single-nq,reference_profiles,2,1805,0.9664819944598338,0.9664819944598338,0,144,144,144,144,144,144,570424.351800554,570086,595700.4,601970.2,610896,620881,144,144,144,144,144,144,570424.351800554,570086,595700.4,601970.2,610896,620881
calibration,dpr-wikipedia-single-nq,reference_profiles,10,1805,0.9629362880886426,0.9629362880886426,0,144,144,144,144,144,144,570424.351800554,570086,595700.4,601970.2,610896,620881,144,144,144,144,144,144,570424.351800554,570086,595700.4,601970.2,610896,620881
calibration,dpr-wikipedia-single-nq,reference_profiles,11,1805,0.9740619491312013,0.9740619491312013,0,200,200,200,200,200,200,794303.8382271468,793162,826449,834732,849067.68,858869,200,200,200,200,200,200,794303.8382271468,793162,826449,834732,849067.68,858869
calibration,dpr-wikipedia-single-nq,reference_profiles,100,1805,0.9624930747922438,0.9624930747922438,0,200,200,200,200,200,200,794303.8382271468,793162,826449,834732,849067.68,858869,200,200,200,200,200,200,794303.8382271468,793162,826449,834732,849067.68,858869
calibration,dpr-wikipedia-single-nq,reference_profiles,101,1805,0.9647788047502811,0.9647788047502811,0,211,211,211,211,211,211,838350.4509695291,836826,871476,880007,895491.08,908224,211,211,211,211,211,211,838350.4509695291,836826,871476,880007,895491.08,908224
calibration,dpr-wikipedia-single-nq,reference_profiles,200,1805,0.9604515235457064,0.9604515235457064,0,211,211,211,211,211,211,838350.4509695291,836826,871476,880007,895491.08,908224,211,211,211,211,211,211,838350.4509695291,836826,871476,880007,895491.08,908224
calibration,dpr-wikipedia-single-nq,reference_profiles,500,1805,0.9600897506925208,0.9600897506925208,0,244,244,244,244,244,244,970558.020498615,968135,1007764.8,1018648.2,1035453.92,1050839,244,244,244,244,244,244,970558.020498615,968135,1007764.8,1018648.2,1035453.92,1050839
calibration,dpr-wikipedia-single-nq,reference_profiles,1000,1805,0.9602299168975069,0.9602299168975069,0,279,279,279,279,279,279,1110900.0349030471,1107893,1151417,1163661,1183799.72,1198168,279,279,279,279,279,279,1110900.0349030471,1107893,1151417,1163661,1183799.72,1198168
calibration,dpr-wikipedia-single-nq,reference_profiles,10000,1805,0.9605007202216066,0.9605007202216066,0,517,517,517,517,517,517,2069519.3119113573,2064795,2129412.8,2146976.2,2170613.8,2187660,517,517,517,517,517,517,2069519.3119113573,2064795,2129412.8,2146976.2,2170613.8,2187660
calibration,dpr-wikipedia-single-nq,reference_profiles,100000,1805,0.9600728033240997,0.9600728033240997,0,1128.4149584487534,1009,1442.6000000000001,1783.8,2392.5600000000013,2528,4548184.571191136,4094361,5836275.400000001,7222254.8,9672473.080000004,10348438,1128.4149584487534,1009,1442.6000000000001,1783.8,2392.5600000000013,2528,4548184.571191136,4094361,5836275.400000001,7222254.8,9672473.080000004,10348438
evaluation,dino-10m,gap,1,3072,1,1,0,1578.0794270833333,1966.5,2384.9,2400.45,2440,2441,6502770.5543619795,8114313,9783433,9844087.4,9999994,10000000,1578.0794270833333,1966.5,2384.9,2400.45,2440,2441,6502770.5543619795,8114313,9783433,9844087.4,9999994,10000000
evaluation,dino-10m,gap,2,3072,0.9998372395833334,0.9998372395833334,0,1578.0794270833333,1966.5,2384.9,2400.45,2440,2441,6502770.5543619795,8114313,9783433,9844087.4,9999994,10000000,1578.0794270833333,1966.5,2384.9,2400.45,2440,2441,6502770.5543619795,8114313,9783433,9844087.4,9999994,10000000
evaluation,dino-10m,gap,10,3072,0.9996419270833333,0.9996419270833333,0,1578.0794270833333,1966.5,2384.9,2400.45,2440,2441,6502770.5543619795,8114313,9783433,9844087.4,9999994,10000000,1578.0794270833333,1966.5,2384.9,2400.45,2440,2441,6502770.5543619795,8114313,9783433,9844087.4,9999994,10000000
evaluation,dino-10m,gap,11,3072,0.9996152935606061,0.9996152935606061,0,1578.0794270833333,1966.5,2384.9,2400.45,2440,2441,6502770.5543619795,8114313,9783433,9844087.4,9999994,10000000,1578.0794270833333,1966.5,2384.9,2400.45,2440,2441,6502770.5543619795,8114313,9783433,9844087.4,9999994,10000000
evaluation,dino-10m,gap,100,3072,0.9996451822916667,0.9996451822916667,0,1578.0794270833333,1966.5,2384.9,2400.45,2440,2441,6502770.5543619795,8114313,9783433,9844087.4,9999994,10000000,1578.0794270833333,1966.5,2384.9,2400.45,2440,2441,6502770.5543619795,8114313,9783433,9844087.4,9999994,10000000
evaluation,dino-10m,gap,101,3072,0.9996486953382838,0.9996486953382838,0,1578.0794270833333,1966.5,2384.9,2400.45,2440,2441,6502770.5543619795,8114313,9783433,9844087.4,9999994,10000000,1578.0794270833333,1966.5,2384.9,2400.45,2440,2441,6502770.5543619795,8114313,9783433,9844087.4,9999994,10000000
evaluation,dino-10m,gap,200,3072,0.9996435546875,0.9996435546875,0,1578.0794270833333,1966.5,2384.9,2400.45,2440,2441,6502770.5543619795,8114313,9783433,9844087.4,9999994,10000000,1578.0794270833333,1966.5,2384.9,2400.45,2440,2441,6502770.5543619795,8114313,9783433,9844087.4,9999994,10000000
evaluation,dino-10m,gap,500,3072,0.9996302083333334,0.9996302083333334,0,1578.0794270833333,1966.5,2384.9,2400.45,2440,2441,6502770.5543619795,8114313,9783433,9844087.4,9999994,10000000,1578.0794270833333,1966.5,2384.9,2400.45,2440,2441,6502770.5543619795,8114313,9783433,9844087.4,9999994,10000000
evaluation,dino-10m,gap,1000,3072,0.9995608723958334,0.9995608723958334,0,1578.0794270833333,1966.5,2384.9,2400.45,2440,2441,6502770.5543619795,8114313,9783433,9844087.4,9999994,10000000,1578.0794270833333,1966.5,2384.9,2400.45,2440,2441,6502770.5543619795,8114313,9783433,9844087.4,9999994,10000000
evaluation,dino-10m,gap,1001,3072,0.9995603354978355,0.9995603354978355,0,1578.0794270833333,1966.5,2384.9,2400.45,2440,2441,6502770.5543619795,8114313,9783433,9844087.4,9999994,10000000,1578.0794270833333,1966.5,2384.9,2400.45,2440,2441,6502770.5543619795,8114313,9783433,9844087.4,9999994,10000000
evaluation,dino-10m,gap,2000,3072,0.9993277994791666,0.9993277994791666,0,1578.0794270833333,1966.5,2384.9,2400.45,2440,2441,6502770.5543619795,8114313,9783433,9844087.4,9999994,10000000,1578.0794270833333,1966.5,2384.9,2400.45,2440,2441,6502770.5543619795,8114313,9783433,9844087.4,9999994,10000000
evaluation,dino-10m,gap,5000,3072,0.9980515625,0.9981185546875,3,1578.0794270833333,1966.5,2384.9,2400.45,2440,2441,6502770.5543619795,8114313,9783433,9844087.4,9999994,10000000,1578.0804036458333,1966.5,2384.9,2400.45,2440,2441,6502775.5625,8114313,9783433,9844087.4,9999994,10000000
evaluation,dino-10m,gap,10000,3072,0.9951606119791667,0.99548359375,7,1578.0794270833333,1966.5,2384.9,2400.45,2440,2441,6502770.5543619795,8114313,9783433,9844087.4,9999994,10000000,1578.0830078125,1966.5,2384.9,2400.45,2440,2441,6502784.227213542,8114313,9783433,9844087.4,9999994,10000000
evaluation,dino-10m,gap,20000,3072,0.99028623046875,0.9912256022135416,17,1578.0794270833333,1966.5,2384.9,2400.45,2440,2441,6502770.5543619795,8114313,9783433,9844087.4,9999994,10000000,1578.0963541666667,1966.5,2384.9,2400.45,2440,2441,6502832.6416015625,8114313,9783433,9844087.4,9999994,10000000
evaluation,dino-10m,gap,50000,3072,0.9793,0.9814229231770834,38,1578.0794270833333,1966.5,2384.9,2400.45,2440,2441,6502770.5543619795,8114313,9783433,9844087.4,9999994,10000000,1578.1630859375,1966.5,2384.9,2400.45,2440,2441,6503102.822916667,8114313,9783433,9844087.4,9999994,10000000
evaluation,dino-10m,gap,100000,3072,0.96634275390625,0.9702902604166667,59,1578.0794270833333,1966.5,2384.9,2400.45,2440,2441,6502770.5543619795,8114313,9783433,9844087.4,9999994,10000000,1578.365234375,1966.5,2384.9,2400.45,2440,2441,6503920.3531901045,8114313,9783433,9844087.4,9999994,10000000
evaluation,dino-10m,signed,1,3072,1,1,0,1578.0794270833333,1966.5,2384.9,2400.45,2440,2441,6502770.5543619795,8114313,9783433,9844087.4,9999994,10000000,1578.0794270833333,1966.5,2384.9,2400.45,2440,2441,6502770.5543619795,8114313,9783433,9844087.4,9999994,10000000
evaluation,dino-10m,signed,2,3072,0.9998372395833334,0.9998372395833334,0,1578.0794270833333,1966.5,2384.9,2400.45,2440,2441,6502770.5543619795,8114313,9783433,9844087.4,9999994,10000000,1578.0794270833333,1966.5,2384.9,2400.45,2440,2441,6502770.5543619795,8114313,9783433,9844087.4,9999994,10000000
evaluation,dino-10m,signed,10,3072,0.9996419270833333,0.9996419270833333,0,1578.0794270833333,1966.5,2384.9,2400.45,2440,2441,6502770.5543619795,8114313,9783433,9844087.4,9999994,10000000,1578.0794270833333,1966.5,2384.9,2400.45,2440,2441,6502770.5543619795,8114313,9783433,9844087.4,9999994,10000000
evaluation,dino-10m,signed,11,3072,0.9996152935606061,0.9996152935606061,0,1578.0794270833333,1966.5,2384.9,2400.45,2440,2441,6502770.5543619795,8114313,9783433,9844087.4,9999994,10000000,1578.0794270833333,1966.5,2384.9,2400.45,2440,2441,6502770.5543619795,8114313,9783433,9844087.4,9999994,10000000
evaluation,dino-10m,signed,100,3072,0.9996451822916667,0.9996451822916667,0,1578.0794270833333,1966.5,2384.9,2400.45,2440,2441,6502770.5543619795,8114313,9783433,9844087.4,9999994,10000000,1578.0794270833333,1966.5,2384.9,2400.45,2440,2441,6502770.5543619795,8114313,9783433,9844087.4,9999994,10000000
evaluation,dino-10m,signed,101,3072,0.9996486953382838,0.9996486953382838,0,1578.0794270833333,1966.5,2384.9,2400.45,2440,2441,6502770.5543619795,8114313,9783433,9844087.4,9999994,10000000,1578.0794270833333,1966.5,2384.9,2400.45,2440,2441,6502770.5543619795,8114313,9783433,9844087.4,9999994,10000000
evaluation,dino-10m,signed,200,3072,0.9996435546875,0.9996435546875,0,1578.0794270833333,1966.5,2384.9,2400.45,2440,2441,6502770.5543619795,8114313,9783433,9844087.4,9999994,10000000,1578.0794270833333,1966.5,2384.9,2400.45,2440,2441,6502770.5543619795,8114313,9783433,9844087.4,9999994,10000000
evaluation,dino-10m,signed,500,3072,0.9996302083333334,0.9996302083333334,0,1578.0794270833333,1966.5,2384.9,2400.45,2440,2441,6502770.5543619795,8114313,9783433,9844087.4,9999994,10000000,1578.0794270833333,1966.5,2384.9,2400.45,2440,2441,6502770.5543619795,8114313,9783433,9844087.4,9999994,10000000
evaluation,dino-10m,signed,1000,3072,0.9995608723958334,0.9995608723958334,0,1578.0794270833333,1966.5,2384.9,2400.45,2440,2441,6502770.5543619795,8114313,9783433,9844087.4,9999994,10000000,1578.0794270833333,1966.5,2384.9,2400.45,2440,2441,6502770.5543619795,8114313,9783433,9844087.4,9999994,10000000
evaluation,dino-10m,signed,1001,3072,0.9995603354978355,0.9995603354978355,0,1578.0794270833333,1966.5,2384.9,2400.45,2440,2441,6502770.5543619795,8114313,9783433,9844087.4,9999994,10000000,1578.0794270833333,1966.5,2384.9,2400.45,2440,2441,6502770.5543619795,8114313,9783433,9844087.4,9999994,10000000
evaluation,dino-10m,signed,2000,3072,0.9993277994791666,0.9993277994791666,0,1578.0794270833333,1966.5,2384.9,2400.45,2440,2441,6502770.5543619795,8114313,9783433,9844087.4,9999994,10000000,1578.0794270833333,1966.5,2384.9,2400.45,2440,2441,6502770.5543619795,8114313,9783433,9844087.4,9999994,10000000
evaluation,dino-10m,signed,5000,3072,0.9980515625,0.9981185546875,3,1578.0794270833333,1966.5,2384.9,2400.45,2440,2441,6502770.5543619795,8114313,9783433,9844087.4,9999994,10000000,1578.0804036458333,1966.5,2384.9,2400.45,2440,2441,6502775.5625,8114313,9783433,9844087.4,9999994,10000000
evaluation,dino-10m,signed,10000,3072,0.9951606119791667,0.99548359375,7,1578.0794270833333,1966.5,2384.9,2400.45,2440,2441,6502770.5543619795,8114313,9783433,9844087.4,9999994,10000000,1578.0830078125,1966.5,2384.9,2400.45,2440,2441,6502784.227213542,8114313,9783433,9844087.4,9999994,10000000
evaluation,dino-10m,signed,20000,3072,0.99028623046875,0.9912256022135416,17,1578.0794270833333,1966.5,2384.9,2400.45,2440,2441,6502770.5543619795,8114313,9783433,9844087.4,9999994,10000000,1578.0963541666667,1966.5,2384.9,2400.45,2440,2441,6502832.6416015625,8114313,9783433,9844087.4,9999994,10000000
evaluation,dino-10m,signed,50000,3072,0.9793,0.9814229231770834,38,1578.0794270833333,1966.5,2384.9,2400.45,2440,2441,6502770.5543619795,8114313,9783433,9844087.4,9999994,10000000,1578.1630859375,1966.5,2384.9,2400.45,2440,2441,6503102.822916667,8114313,9783433,9844087.4,9999994,10000000
evaluation,dino-10m,signed,100000,3072,0.96634275390625,0.9702902604166667,59,1578.0794270833333,1966.5,2384.9,2400.45,2440,2441,6502770.5543619795,8114313,9783433,9844087.4,9999994,10000000,1578.365234375,1966.5,2384.9,2400.45,2440,2441,6503920.3531901045,8114313,9783433,9844087.4,9999994,10000000
evaluation,dino-10m,current,1,3072,0.5406901041666666,0.5413411458333334,2,1,1,1,1,1,1,4344.906901041667,4326,5610,6153.799999999999,7226,10169,1.0006510416666667,1,1,1,1,2,4348.46484375,4328,5610,6156,7226,10169
evaluation,dino-10m,current,2,3072,1,1,0,2440.0703125,2441,2441,2441,2441,2441,9996254.811523438,10000000,10000000,10000000,10000000,10000000,2440.0703125,2441,2441,2441,2441,2441,9996254.811523438,10000000,10000000,10000000,10000000,10000000
evaluation,dino-10m,current,10,3072,1,1,0,2440.0703125,2441,2441,2441,2441,2441,9996254.811523438,10000000,10000000,10000000,10000000,10000000,2440.0703125,2441,2441,2441,2441,2441,9996254.811523438,10000000,10000000,10000000,10000000,10000000
evaluation,dino-10m,current,11,3072,1,1,0,2441,2441,2441,2441,2441,2441,10000000,10000000,10000000,10000000,10000000,10000000,2441,2441,2441,2441,2441,2441,10000000,10000000,10000000,10000000,10000000,10000000
evaluation,dino-10m,current,100,3072,1,1,0,2441,2441,2441,2441,2441,2441,10000000,10000000,10000000,10000000,10000000,10000000,2441,2441,2441,2441,2441,2441,10000000,10000000,10000000,10000000,10000000,10000000
evaluation,dino-10m,current,101,3072,1,1,0,2441,2441,2441,2441,2441,2441,10000000,10000000,10000000,10000000,10000000,10000000,2441,2441,2441,2441,2441,2441,10000000,10000000,10000000,10000000,10000000,10000000
evaluation,dino-10m,current,200,3072,1,1,0,2441,2441,2441,2441,2441,2441,10000000,10000000,10000000,10000000,10000000,10000000,2441,2441,2441,2441,2441,2441,10000000,10000000,10000000,10000000,10000000,10000000
evaluation,dino-10m,current,500,3072,1,1,0,2441,2441,2441,2441,2441,2441,10000000,10000000,10000000,10000000,10000000,10000000,2441,2441,2441,2441,2441,2441,10000000,10000000,10000000,10000000,10000000,10000000
evaluation,dino-10m,current,1000,3072,1,1,0,2441,2441,2441,2441,2441,2441,10000000,10000000,10000000,10000000,10000000,10000000,2441,2441,2441,2441,2441,2441,10000000,10000000,10000000,10000000,10000000,10000000
evaluation,dino-10m,current,1001,3072,1,1,0,2441,2441,2441,2441,2441,2441,10000000,10000000,10000000,10000000,10000000,10000000,2441,2441,2441,2441,2441,2441,10000000,10000000,10000000,10000000,10000000,10000000
evaluation,dino-10m,current,2000,3072,1,1,0,2441,2441,2441,2441,2441,2441,10000000,10000000,10000000,10000000,10000000,10000000,2441,2441,2441,2441,2441,2441,10000000,10000000,10000000,10000000,10000000,10000000
evaluation,dino-10m,current,5000,3072,1,1,0,2441,2441,2441,2441,2441,2441,10000000,10000000,10000000,10000000,10000000,10000000,2441,2441,2441,2441,2441,2441,10000000,10000000,10000000,10000000,10000000,10000000
evaluation,dino-10m,current,10000,3072,1,1,0,2441,2441,2441,2441,2441,2441,10000000,10000000,10000000,10000000,10000000,10000000,2441,2441,2441,2441,2441,2441,10000000,10000000,10000000,10000000,10000000,10000000
evaluation,dino-10m,current,20000,3072,1,1,0,2441,2441,2441,2441,2441,2441,10000000,10000000,10000000,10000000,10000000,10000000,2441,2441,2441,2441,2441,2441,10000000,10000000,10000000,10000000,10000000,10000000
evaluation,dino-10m,current,50000,3072,1,1,0,2441,2441,2441,2441,2441,2441,10000000,10000000,10000000,10000000,10000000,10000000,2441,2441,2441,2441,2441,2441,10000000,10000000,10000000,10000000,10000000,10000000
evaluation,dino-10m,current,100000,3072,1,1,0,2441,2441,2441,2441,2441,2441,10000000,10000000,10000000,10000000,10000000,10000000,2441,2441,2441,2441,2441,2441,10000000,10000000,10000000,10000000,10000000,10000000
evaluation,dino-10m,reference_profiles,1,3072,0.9547526041666666,0.9547526041666666,0,9.362955729166666,6,19,19,19,19,39692.5703125,26233.5,79679.1,83830.05,91729.59,102652,9.362955729166666,6,19,19,19,19,39692.5703125,26233.5,79679.1,83830.05,91729.59,102652
evaluation,dino-10m,reference_profiles,2,3072,0.9646809895833334,0.9646809895833334,0,12.6337890625,9,24,24,24,24,53444.560872395836,36961,102346.6,106633.3,115698,126680,12.6337890625,9,24,24,24,24,53444.560872395836,36961,102346.6,106633.3,115698,126680
evaluation,dino-10m,reference_profiles,10,3072,0.95166015625,0.95166015625,0,12.6337890625,9,24,24,24,24,53444.560872395836,36961,102346.6,106633.3,115698,126680,12.6337890625,9,24,24,24,24,53444.560872395836,36961,102346.6,106633.3,115698,126680
evaluation,dino-10m,reference_profiles,11,3072,0.9758522727272727,0.9758522727272727,0,21.331380208333332,14,38,38,38,38,89855.294921875,59897.5,162447.7,168279.15,178870.88999999998,194482,21.331380208333332,14,38,38,38,38,89855.294921875,59897.5,162447.7,168279.15,178870.88999999998,194482
evaluation,dino-10m,reference_profiles,100,3072,0.9530924479166667,0.9530924479166667,0,21.331380208333332,14,38,38,38,38,89855.294921875,59897.5,162447.7,168279.15,178870.88999999998,194482,21.331380208333332,14,38,38,38,38,89855.294921875,59897.5,162447.7,168279.15,178870.88999999998,194482
evaluation,dino-10m,reference_profiles,101,3072,0.9696943327145214,0.9696943327145214,0,30.820963541666668,20,56,56,56,56,129463.3154296875,84199,238134,245973.6,259115.38,272472,30.820963541666668,20,56,56,56,56,129463.3154296875,84199,238134,245973.6,259115.38,272472
evaluation,dino-10m,reference_profiles,200,3072,0.9621858723958333,0.9621858723958333,0,30.820963541666668,20,56,56,56,56,129463.3154296875,84199,238134,245973.6,259115.38,272472,30.820963541666668,20,56,56,56,56,129463.3154296875,84199,238134,245973.6,259115.38,272472
evaluation,dino-10m,reference_profiles,500,3072,0.9613528645833334,0.9613528645833334,0,39.819986979166664,22,81,81,81,81,167090.89322916666,99621,340563.7,350935.39999999997,368738.22,386229,39.819986979166664,22,81,81,81,81,167090.89322916666,99621,340563.7,350935.39999999997,368738.22,386229
evaluation,dino-10m,reference_profiles,1000,3072,0.9611575520833333,0.9611575520833333,0,50.856119791666664,29,93,93,93,93,213066.29231770834,131807.5,393535.7,403688.35,420432.26999999996,438356,50.856119791666664,29,93,93,93,93,213066.29231770834,131807.5,393535.7,403688.35,420432.26999999996,438356
evaluation,dino-10m,reference_profiles,10000,3072,0.9591579752604167,0.9591579752604167,0,148.97591145833334,98,238,238,238,238,621647.2119140625,423822.5,1007467.7000000001,1019096.7,1035436.1699999999,1061067,148.97591145833334,98,238,238,238,238,621647.2119140625,423822.5,1007467.7000000001,1019096.7,1035436.1699999999,1061067
evaluation,dino-10m,reference_profiles,100000,3072,0.9583691731770834,0.9583691731770834,0,542.5192057291666,463,704,704,704,704,2261108.823893229,1951855,2948912.3,2962314.35,2979036.66,2999255,542.5192057291666,463,704,704,704,704,2261108.823893229,1951855,2948912.3,2962314.35,2979036.66,2999255
evaluation,laion-10m,gap,1,3069,1,1,0,1770.4884327142393,2307,2438,2441,2441,2441,7322257.683284458,9569216,9998526.2,10000000,10000000,10000000,1770.4884327142393,2307,2438,2441,2441,2441,7322257.683284458,9569216,9998526.2,10000000,10000000,10000000
evaluation,laion-10m,gap,2,3069,1,1,0,1770.4884327142393,2307,2438,2441,2441,2441,7322257.683284458,9569216,9998526.2,10000000,10000000,10000000,1770.4884327142393,2307,2438,2441,2441,2441,7322257.683284458,9569216,9998526.2,10000000,10000000,10000000
evaluation,laion-10m,gap,10,3069,0.9999348321928967,0.9999348321928967,0,1770.4884327142393,2307,2438,2441,2441,2441,7322257.683284458,9569216,9998526.2,10000000,10000000,10000000,1770.4884327142393,2307,2438,2441,2441,2441,7322257.683284458,9569216,9998526.2,10000000,10000000,10000000
evaluation,laion-10m,gap,11,3069,0.999940756538997,0.999940756538997,0,1770.4884327142393,2307,2438,2441,2441,2441,7322257.683284458,9569216,9998526.2,10000000,10000000,10000000,1770.4884327142393,2307,2438,2441,2441,2441,7322257.683284458,9569216,9998526.2,10000000,10000000,10000000
evaluation,laion-10m,gap,100,3069,0.9999185402411209,0.9999185402411209,0,1770.4884327142393,2307,2438,2441,2441,2441,7322257.683284458,9569216,9998526.2,10000000,10000000,10000000,1770.4884327142393,2307,2438,2441,2441,2441,7322257.683284458,9569216,9998526.2,10000000,10000000,10000000
evaluation,laion-10m,gap,101,3069,0.999919346773387,0.999919346773387,0,1770.4884327142393,2307,2438,2441,2441,2441,7322257.683284458,9569216,9998526.2,10000000,10000000,10000000,1770.4884327142393,2307,2438,2441,2441,2441,7322257.683284458,9569216,9998526.2,10000000,10000000,10000000
evaluation,laion-10m,gap,200,3069,0.9999364613880742,0.9999364613880742,0,1770.4884327142393,2307,2438,2441,2441,2441,7322257.683284458,9569216,9998526.2,10000000,10000000,10000000,1770.4884327142393,2307,2438,2441,2441,2441,7322257.683284458,9569216,9998526.2,10000000,10000000,10000000
evaluation,laion-10m,gap,500,3069,0.9999263603779733,0.9999263603779733,0,1770.4884327142393,2307,2438,2441,2441,2441,7322257.683284458,9569216,9998526.2,10000000,10000000,10000000,1770.4884327142393,2307,2438,2441,2441,2441,7322257.683284458,9569216,9998526.2,10000000,10000000,10000000
evaluation,laion-10m,gap,1000,3069,0.9998647768002606,0.9998647768002606,0,1770.4884327142393,2307,2438,2441,2441,2441,7322257.683284458,9569216,9998526.2,10000000,10000000,10000000,1770.4884327142393,2307,2438,2441,2441,2441,7322257.683284458,9569216,9998526.2,10000000,10000000,10000000
evaluation,laion-10m,gap,1001,3069,0.9998649118883723,0.9998649118883723,0,1770.4884327142393,2307,2438,2441,2441,2441,7322257.683284458,9569216,9998526.2,10000000,10000000,10000000,1770.4884327142393,2307,2438,2441,2441,2441,7322257.683284458,9569216,9998526.2,10000000,10000000,10000000
evaluation,laion-10m,gap,2000,3069,0.9994933202997719,0.9995161290322581,1,1770.4884327142393,2307,2438,2441,2441,2441,7322257.683284458,9569216,9998526.2,10000000,10000000,10000000,1770.4887585532747,2307,2438,2441,2441,2441,7322258.812642555,9569216,9998526.2,10000000,10000000,10000000
evaluation,laion-10m,gap,5000,3069,0.9981197132616487,0.9982044965786901,3,1770.4884327142393,2307,2438,2441,2441,2441,7322257.683284458,9569216,9998526.2,10000000,10000000,10000000,1770.4897360703812,2307,2438,2441,2441,2441,7322262.421961551,9569216,9998526.2,10000000,10000000,10000000
evaluation,laion-10m,gap,10000,3069,0.9952478005865103,0.9954112414467253,5,1770.4884327142393,2307,2438,2441,2441,2441,7322257.683284458,9569216,9998526.2,10000000,10000000,10000000,1770.4916911045943,2307,2438,2441,2441,2441,7322270.802867384,9569216,9998526.2,10000000,10000000,10000000
evaluation,laion-10m,gap,20000,3069,0.9890219778429455,0.9899993157380255,29,1770.4884327142393,2307,2438,2441,2441,2441,7322257.683284458,9569216,9998526.2,10000000,10000000,10000000,1770.5099380905833,2307,2438,2441,2441,2441,7322343.450961225,9569216,9998526.2,10000000,10000000,10000000
evaluation,laion-10m,gap,50000,3069,0.9760906353861193,0.9800579537308569,64,1770.4884327142393,2307,2438,2441,2441,2441,7322257.683284458,9569216,9998526.2,10000000,10000000,10000000,1770.623330074943,2307,2438,2441,2441,2441,7322817.339850114,9569216,9998526.2,10000000,10000000,10000000
evaluation,laion-10m,gap,100000,3069,0.9603296546106224,0.9675220267188009,99,1770.4884327142393,2307,2438,2441,2441,2441,7322257.683284458,9569216,9998526.2,10000000,10000000,10000000,1770.9576409253827,2307,2438,2441,2441,2441,7324173.415770609,9569216,9998526.2,10000000,10000000,10000000
evaluation,laion-10m,signed,1,3069,1,1,0,1770.4884327142393,2307,2438,2441,2441,2441,7322257.683284458,9569216,9998526.2,10000000,10000000,10000000,1770.4884327142393,2307,2438,2441,2441,2441,7322257.683284458,9569216,9998526.2,10000000,10000000,10000000
evaluation,laion-10m,signed,2,3069,1,1,0,1770.4884327142393,2307,2438,2441,2441,2441,7322257.683284458,9569216,9998526.2,10000000,10000000,10000000,1770.4884327142393,2307,2438,2441,2441,2441,7322257.683284458,9569216,9998526.2,10000000,10000000,10000000
evaluation,laion-10m,signed,10,3069,0.9999348321928967,0.9999348321928967,0,1770.4884327142393,2307,2438,2441,2441,2441,7322257.683284458,9569216,9998526.2,10000000,10000000,10000000,1770.4884327142393,2307,2438,2441,2441,2441,7322257.683284458,9569216,9998526.2,10000000,10000000,10000000
evaluation,laion-10m,signed,11,3069,0.999940756538997,0.999940756538997,0,1770.4884327142393,2307,2438,2441,2441,2441,7322257.683284458,9569216,9998526.2,10000000,10000000,10000000,1770.4884327142393,2307,2438,2441,2441,2441,7322257.683284458,9569216,9998526.2,10000000,10000000,10000000
evaluation,laion-10m,signed,100,3069,0.9999185402411209,0.9999185402411209,0,1770.4884327142393,2307,2438,2441,2441,2441,7322257.683284458,9569216,9998526.2,10000000,10000000,10000000,1770.4884327142393,2307,2438,2441,2441,2441,7322257.683284458,9569216,9998526.2,10000000,10000000,10000000
evaluation,laion-10m,signed,101,3069,0.999919346773387,0.999919346773387,0,1770.4884327142393,2307,2438,2441,2441,2441,7322257.683284458,9569216,9998526.2,10000000,10000000,10000000,1770.4884327142393,2307,2438,2441,2441,2441,7322257.683284458,9569216,9998526.2,10000000,10000000,10000000
evaluation,laion-10m,signed,200,3069,0.9999364613880742,0.9999364613880742,0,1770.4884327142393,2307,2438,2441,2441,2441,7322257.683284458,9569216,9998526.2,10000000,10000000,10000000,1770.4884327142393,2307,2438,2441,2441,2441,7322257.683284458,9569216,9998526.2,10000000,10000000,10000000
evaluation,laion-10m,signed,500,3069,0.9999263603779733,0.9999263603779733,0,1770.4884327142393,2307,2438,2441,2441,2441,7322257.683284458,9569216,9998526.2,10000000,10000000,10000000,1770.4884327142393,2307,2438,2441,2441,2441,7322257.683284458,9569216,9998526.2,10000000,10000000,10000000
evaluation,laion-10m,signed,1000,3069,0.9998647768002606,0.9998647768002606,0,1770.4884327142393,2307,2438,2441,2441,2441,7322257.683284458,9569216,9998526.2,10000000,10000000,10000000,1770.4884327142393,2307,2438,2441,2441,2441,7322257.683284458,9569216,9998526.2,10000000,10000000,10000000
evaluation,laion-10m,signed,1001,3069,0.9998649118883723,0.9998649118883723,0,1770.4884327142393,2307,2438,2441,2441,2441,7322257.683284458,9569216,9998526.2,10000000,10000000,10000000,1770.4884327142393,2307,2438,2441,2441,2441,7322257.683284458,9569216,9998526.2,10000000,10000000,10000000
evaluation,laion-10m,signed,2000,3069,0.9994933202997719,0.9995161290322581,1,1770.4884327142393,2307,2438,2441,2441,2441,7322257.683284458,9569216,9998526.2,10000000,10000000,10000000,1770.4887585532747,2307,2438,2441,2441,2441,7322258.812642555,9569216,9998526.2,10000000,10000000,10000000
evaluation,laion-10m,signed,5000,3069,0.9981197132616487,0.9982044965786901,3,1770.4884327142393,2307,2438,2441,2441,2441,7322257.683284458,9569216,9998526.2,10000000,10000000,10000000,1770.4897360703812,2307,2438,2441,2441,2441,7322262.421961551,9569216,9998526.2,10000000,10000000,10000000
evaluation,laion-10m,signed,10000,3069,0.9952478005865103,0.9954112414467253,5,1770.4884327142393,2307,2438,2441,2441,2441,7322257.683284458,9569216,9998526.2,10000000,10000000,10000000,1770.4916911045943,2307,2438,2441,2441,2441,7322270.802867384,9569216,9998526.2,10000000,10000000,10000000
evaluation,laion-10m,signed,20000,3069,0.9890219778429455,0.9899993157380255,29,1770.4884327142393,2307,2438,2441,2441,2441,7322257.683284458,9569216,9998526.2,10000000,10000000,10000000,1770.5099380905833,2307,2438,2441,2441,2441,7322343.450961225,9569216,9998526.2,10000000,10000000,10000000
evaluation,laion-10m,signed,50000,3069,0.9760906353861193,0.9800579537308569,64,1770.4884327142393,2307,2438,2441,2441,2441,7322257.683284458,9569216,9998526.2,10000000,10000000,10000000,1770.623330074943,2307,2438,2441,2441,2441,7322817.339850114,9569216,9998526.2,10000000,10000000,10000000
evaluation,laion-10m,signed,100000,3069,0.9603296546106224,0.9675220267188009,99,1770.4884327142393,2307,2438,2441,2441,2441,7322257.683284458,9569216,9998526.2,10000000,10000000,10000000,1770.9576409253827,2307,2438,2441,2441,2441,7324173.415770609,9569216,9998526.2,10000000,10000000,10000000
evaluation,laion-10m,current,1,3069,0.5891169762137504,0.5891169762137504,0,1,1,1,1,1,1,4540.691104594331,4442,6034,6540.5999999999985,7866.840000000002,10000,1,1,1,1,1,1,4540.691104594331,4442,6034,6540.5999999999985,7866.840000000002,10000
evaluation,laion-10m,current,2,3069,1,1,0,2427.735092864125,2441,2441,2441,2441,2441,9950077.400456175,10000000,10000000,10000000,10000000,10000000,2427.735092864125,2441,2441,2441,2441,2441,9950077.400456175,10000000,10000000,10000000,10000000,10000000
evaluation,laion-10m,current,10,3069,1,1,0,2427.735092864125,2441,2441,2441,2441,2441,9950077.400456175,10000000,10000000,10000000,10000000,10000000,2427.735092864125,2441,2441,2441,2441,2441,9950077.400456175,10000000,10000000,10000000,10000000,10000000
evaluation,laion-10m,current,11,3069,1,1,0,2440.20495275334,2441,2441,2441,2441,2441,9996742.049853373,10000000,10000000,10000000,10000000,10000000,2440.20495275334,2441,2441,2441,2441,2441,9996742.049853373,10000000,10000000,10000000,10000000,10000000
evaluation,laion-10m,current,100,3069,1,1,0,2440.20495275334,2441,2441,2441,2441,2441,9996742.049853373,10000000,10000000,10000000,10000000,10000000,2440.20495275334,2441,2441,2441,2441,2441,9996742.049853373,10000000,10000000,10000000,10000000,10000000
evaluation,laion-10m,current,101,3069,1,1,0,2440.20495275334,2441,2441,2441,2441,2441,9996742.049853373,10000000,10000000,10000000,10000000,10000000,2440.20495275334,2441,2441,2441,2441,2441,9996742.049853373,10000000,10000000,10000000,10000000,10000000
evaluation,laion-10m,current,200,3069,1,1,0,2440.20495275334,2441,2441,2441,2441,2441,9996742.049853373,10000000,10000000,10000000,10000000,10000000,2440.20495275334,2441,2441,2441,2441,2441,9996742.049853373,10000000,10000000,10000000,10000000,10000000
evaluation,laion-10m,current,500,3069,1,1,0,2440.20495275334,2441,2441,2441,2441,2441,9996742.049853373,10000000,10000000,10000000,10000000,10000000,2440.20495275334,2441,2441,2441,2441,2441,9996742.049853373,10000000,10000000,10000000,10000000,10000000
evaluation,laion-10m,current,1000,3069,1,1,0,2440.20495275334,2441,2441,2441,2441,2441,9996742.049853373,10000000,10000000,10000000,10000000,10000000,2440.20495275334,2441,2441,2441,2441,2441,9996742.049853373,10000000,10000000,10000000,10000000,10000000
evaluation,laion-10m,current,1001,3069,1,1,0,2440.20495275334,2441,2441,2441,2441,2441,9996742.049853373,10000000,10000000,10000000,10000000,10000000,2440.20495275334,2441,2441,2441,2441,2441,9996742.049853373,10000000,10000000,10000000,10000000,10000000
evaluation,laion-10m,current,2000,3069,0.9998942652329749,0.999917073965461,1,2440.20495275334,2441,2441,2441,2441,2441,9996742.049853373,10000000,10000000,10000000,10000000,10000000,2440.205278592375,2441,2441,2441,2441,2441,9996743.17921147,10000000,10000000,10000000,10000000,10000000
evaluation,laion-10m,current,5000,3069,0.9997622026718801,0.999801238188335,1,2440.20495275334,2441,2441,2441,2441,2441,9996742.049853373,10000000,10000000,10000000,10000000,10000000,2440.205604431411,2441,2441,2441,2441,2441,9996744.443141088,10000000,10000000,10000000,10000000,10000000
evaluation,laion-10m,current,10000,3069,0.9997181818181818,0.9997580319322255,1,2440.20495275334,2441,2441,2441,2441,2441,9996742.049853373,10000000,10000000,10000000,10000000,10000000,2440.2059302704465,2441,2441,2441,2441,2441,9996746.133919844,10000000,10000000,10000000,10000000,10000000
evaluation,laion-10m,current,20000,3069,0.9996961713913327,0.9997294884327143,1,2440.20495275334,2441,2441,2441,2441,2441,9996742.049853373,10000000,10000000,10000000,10000000,10000000,2440.2065819485174,2441,2441,2441,2441,2441,9996748.754317367,10000000,10000000,10000000,10000000,10000000
evaluation,laion-10m,current,50000,3069,0.9996829651352231,0.9997152883675464,1,2440.20495275334,2441,2441,2441,2441,2441,9996742.049853373,10000000,10000000,10000000,10000000,10000000,2440.2091886608014,2441,2441,2441,2441,2441,9996758.737373738,10000000,10000000,10000000,10000000,10000000
evaluation,laion-10m,current,100000,3069,0.9996785630498534,0.9997349364613881,1,2440.20495275334,2441,2441,2441,2441,2441,9996742.049853373,10000000,10000000,10000000,10000000,10000000,2440.2124470511567,2441,2441,2441,2441,2441,9996775.21277289,10000000,10000000,10000000,10000000,10000000
evaluation,laion-10m,reference_profiles,1,3069,0.9618768328445748,0.9618768328445748,0,13.244705115672858,6,43,50,50,50,55762.592049527535,26210,176803.00000000006,206315,220074.92,233225,13.244705115672858,6,43,50,50,50,55762.592049527535,26210,176803.00000000006,206315,220074.92,233225
evaluation,laion-10m,reference_profiles,2,3069,0.9780058651026393,0.9780058651026393,0,22.85663082437276,9,77,77,77,77,95587.15803193222,41307,297301.4,318021,337081.88,353330,22.85663082437276,9,77,77,77,77,95587.15803193222,41307,297301.4,318021,337081.88,353330
evaluation,laion-10m,reference_profiles,10,3069,0.9683284457478006,0.9683284457478006,0,22.85663082437276,9,77,77,77,77,95587.15803193222,41307,297301.4,318021,337081.88,353330,22.85663082437276,9,77,77,77,77,95587.15803193222,41307,297301.4,318021,337081.88,353330
evaluation,laion-10m,reference_profiles,11,3069,0.9838561568766847,0.9838561568766847,0,39.00619094167481,19,106,106,106,106,162308.66080156402,79491,436735.8,449940.6,465272.92000000004,482448,39.00619094167481,19,106,106,106,106,162308.66080156402,79491,436735.8,449940.6,465272.92000000004,482448
evaluation,laion-10m,reference_profiles,100,3069,0.9660052134245682,0.9660052134245682,0,39.00619094167481,19,106,106,106,106,162308.66080156402,79491,436735.8,449940.6,465272.92000000004,482448,39.00619094167481,19,106,106,106,106,162308.66080156402,79491,436735.8,449940.6,465272.92000000004,482448
evaluation,laion-10m,reference_profiles,101,3069,0.9804238488364966,0.9804238488364966,0,57.86608015640274,25,156,156,156,156,240518.1541218638,102293,639979.8,659490.7999999999,678453.04,698312,57.86608015640274,25,156,156,156,156,240518.1541218638,102293,639979.8,659490.7999999999,678453.04,698312
evaluation,laion-10m,reference_profiles,200,3069,0.9742114695340501,0.9742114695340501,0,57.86608015640274,25,156,156,156,156,240518.1541218638,102293,639979.8,659490.7999999999,678453.04,698312,57.86608015640274,25,156,156,156,156,240518.1541218638,102293,639979.8,659490.7999999999,678453.04,698312
evaluation,laion-10m,reference_profiles,500,3069,0.9732147279244053,0.9732147279244053,0,76.23721081785598,31,192,192,192,192,316718.33822091884,132777,790854.8,810695,832973.4400000001,849148,76.23721081785598,31,192,192,192,192,316718.33822091884,132777,790854.8,810695,832973.4400000001,849148
evaluation,laion-10m,reference_profiles,1000,3069,0.9707315086347345,0.9707315086347345,0,93.90974258716194,35,248,248,248,248,390128.559791463,156778,1020400.6,1045978.4,1068578.56,1090179,93.90974258716194,35,248,248,248,248,390128.559791463,156778,1020400.6,1045978.4,1068578.56,1090179
evaluation,laion-10m,reference_profiles,10000,3069,0.9633368198110134,0.9633368198110134,0,234.15509938090582,119,447,447,447,447,973395.8680351906,489016,1876829.2,1897016,1924392.52,1956829,234.15509938090582,119,447,447,447,447,973395.8680351906,489016,1876829.2,1897016,1924392.52,1956829
evaluation,laion-10m,reference_profiles,100000,3069,0.9591767220593027,0.9591767220593027,0,760.2251547735418,738,850.2000000000003,958,958,958,3182093.310524601,3101104,3543640.400000003,3997424.8,4043546.92,4086893,760.2251547735418,738,850.2000000000003,958,958,958,3182093.310524601,3101104,3543640.400000003,3997424.8,4043546.92,4086893
evaluation,fineweb-10m,gap,1,3200,1,1,0,2405.3971875,2439,2441,2441,2441,2441,9866328.5690625,9998937,10000000,10000000,10000000,10000000,2405.3971875,2439,2441,2441,2441,2441,9866328.5690625,9998937,10000000,10000000,10000000,10000000
evaluation,fineweb-10m,gap,2,3200,1,1,0,2405.3971875,2439,2441,2441,2441,2441,9866328.5690625,9998937,10000000,10000000,10000000,10000000,2405.3971875,2439,2441,2441,2441,2441,9866328.5690625,9998937,10000000,10000000,10000000,10000000
evaluation,fineweb-10m,gap,10,3200,1,1,0,2405.3971875,2439,2441,2441,2441,2441,9866328.5690625,9998937,10000000,10000000,10000000,10000000,2405.3971875,2439,2441,2441,2441,2441,9866328.5690625,9998937,10000000,10000000,10000000,10000000
evaluation,fineweb-10m,gap,11,3200,1,1,0,2405.3971875,2439,2441,2441,2441,2441,9866328.5690625,9998937,10000000,10000000,10000000,10000000,2405.3971875,2439,2441,2441,2441,2441,9866328.5690625,9998937,10000000,10000000,10000000,10000000
evaluation,fineweb-10m,gap,100,3200,0.999996875,0.999996875,0,2405.3971875,2439,2441,2441,2441,2441,9866328.5690625,9998937,10000000,10000000,10000000,10000000,2405.3971875,2439,2441,2441,2441,2441,9866328.5690625,9998937,10000000,10000000,10000000,10000000
evaluation,fineweb-10m,gap,101,3200,0.9999969059405941,0.9999969059405941,0,2405.3971875,2439,2441,2441,2441,2441,9866328.5690625,9998937,10000000,10000000,10000000,10000000,2405.3971875,2439,2441,2441,2441,2441,9866328.5690625,9998937,10000000,10000000,10000000,10000000
evaluation,fineweb-10m,gap,200,3200,0.9999984375,0.9999984375,0,2405.3971875,2439,2441,2441,2441,2441,9866328.5690625,9998937,10000000,10000000,10000000,10000000,2405.3971875,2439,2441,2441,2441,2441,9866328.5690625,9998937,10000000,10000000,10000000,10000000
evaluation,fineweb-10m,gap,500,3200,0.99999625,0.99999625,0,2405.3971875,2439,2441,2441,2441,2441,9866328.5690625,9998937,10000000,10000000,10000000,10000000,2405.3971875,2439,2441,2441,2441,2441,9866328.5690625,9998937,10000000,10000000,10000000,10000000
evaluation,fineweb-10m,gap,1000,3200,0.9999946875,0.9999946875,0,2405.3971875,2439,2441,2441,2441,2441,9866328.5690625,9998937,10000000,10000000,10000000,10000000,2405.3971875,2439,2441,2441,2441,2441,9866328.5690625,9998937,10000000,10000000,10000000,10000000
evaluation,fineweb-10m,gap,1001,3200,0.9999946928071928,0.9999946928071928,0,2405.3971875,2439,2441,2441,2441,2441,9866328.5690625,9998937,10000000,10000000,10000000,10000000,2405.3971875,2439,2441,2441,2441,2441,9866328.5690625,9998937,10000000,10000000,10000000,10000000
evaluation,fineweb-10m,gap,2000,3200,0.99997828125,0.99997828125,0,2405.3971875,2439,2441,2441,2441,2441,9866328.5690625,9998937,10000000,10000000,10000000,10000000,2405.3971875,2439,2441,2441,2441,2441,9866328.5690625,9998937,10000000,10000000,10000000,10000000
evaluation,fineweb-10m,gap,5000,3200,0.9999191875,0.9999191875,0,2405.3971875,2439,2441,2441,2441,2441,9866328.5690625,9998937,10000000,10000000,10000000,10000000,2405.3971875,2439,2441,2441,2441,2441,9866328.5690625,9998937,10000000,10000000,10000000,10000000
evaluation,fineweb-10m,gap,10000,3200,0.999852875,0.999852875,0,2405.3971875,2439,2441,2441,2441,2441,9866328.5690625,9998937,10000000,10000000,10000000,10000000,2405.3971875,2439,2441,2441,2441,2441,9866328.5690625,9998937,10000000,10000000,10000000,10000000
evaluation,fineweb-10m,gap,20000,3200,0.9997645625,0.9997645625,0,2405.3971875,2439,2441,2441,2441,2441,9866328.5690625,9998937,10000000,10000000,10000000,10000000,2405.3971875,2439,2441,2441,2441,2441,9866328.5690625,9998937,10000000,10000000,10000000,10000000
evaluation,fineweb-10m,gap,50000,3200,0.99959084375,0.99963745625,1,2405.3971875,2439,2441,2441,2441,2441,9866328.5690625,9998937,10000000,10000000,10000000,10000000,2405.3990625,2439,2441,2441,2441,2441,9866335.89125,9998937,10000000,10000000,10000000,10000000
evaluation,fineweb-10m,gap,100000,3200,0.99938856875,0.999473690625,1,2405.3971875,2439,2441,2441,2441,2441,9866328.5690625,9998937,10000000,10000000,10000000,10000000,2405.4028125,2439,2441,2441,2441,2441,9866351.3665625,9998937,10000000,10000000,10000000,10000000
evaluation,fineweb-10m,signed,1,3200,1,1,0,2405.3971875,2439,2441,2441,2441,2441,9866328.5690625,9998937,10000000,10000000,10000000,10000000,2405.3971875,2439,2441,2441,2441,2441,9866328.5690625,9998937,10000000,10000000,10000000,10000000
evaluation,fineweb-10m,signed,2,3200,1,1,0,2405.3971875,2439,2441,2441,2441,2441,9866328.5690625,9998937,10000000,10000000,10000000,10000000,2405.3971875,2439,2441,2441,2441,2441,9866328.5690625,9998937,10000000,10000000,10000000,10000000
evaluation,fineweb-10m,signed,10,3200,1,1,0,2405.3971875,2439,2441,2441,2441,2441,9866328.5690625,9998937,10000000,10000000,10000000,10000000,2405.3971875,2439,2441,2441,2441,2441,9866328.5690625,9998937,10000000,10000000,10000000,10000000
evaluation,fineweb-10m,signed,11,3200,1,1,0,2405.3971875,2439,2441,2441,2441,2441,9866328.5690625,9998937,10000000,10000000,10000000,10000000,2405.3971875,2439,2441,2441,2441,2441,9866328.5690625,9998937,10000000,10000000,10000000,10000000
evaluation,fineweb-10m,signed,100,3200,0.999996875,0.999996875,0,2405.3971875,2439,2441,2441,2441,2441,9866328.5690625,9998937,10000000,10000000,10000000,10000000,2405.3971875,2439,2441,2441,2441,2441,9866328.5690625,9998937,10000000,10000000,10000000,10000000
evaluation,fineweb-10m,signed,101,3200,0.9999969059405941,0.9999969059405941,0,2405.3971875,2439,2441,2441,2441,2441,9866328.5690625,9998937,10000000,10000000,10000000,10000000,2405.3971875,2439,2441,2441,2441,2441,9866328.5690625,9998937,10000000,10000000,10000000,10000000
evaluation,fineweb-10m,signed,200,3200,0.9999984375,0.9999984375,0,2405.3971875,2439,2441,2441,2441,2441,9866328.5690625,9998937,10000000,10000000,10000000,10000000,2405.3971875,2439,2441,2441,2441,2441,9866328.5690625,9998937,10000000,10000000,10000000,10000000
evaluation,fineweb-10m,signed,500,3200,0.99999625,0.99999625,0,2405.3971875,2439,2441,2441,2441,2441,9866328.5690625,9998937,10000000,10000000,10000000,10000000,2405.3971875,2439,2441,2441,2441,2441,9866328.5690625,9998937,10000000,10000000,10000000,10000000
evaluation,fineweb-10m,signed,1000,3200,0.9999946875,0.9999946875,0,2405.3971875,2439,2441,2441,2441,2441,9866328.5690625,9998937,10000000,10000000,10000000,10000000,2405.3971875,2439,2441,2441,2441,2441,9866328.5690625,9998937,10000000,10000000,10000000,10000000
evaluation,fineweb-10m,signed,1001,3200,0.9999946928071928,0.9999946928071928,0,2405.3971875,2439,2441,2441,2441,2441,9866328.5690625,9998937,10000000,10000000,10000000,10000000,2405.3971875,2439,2441,2441,2441,2441,9866328.5690625,9998937,10000000,10000000,10000000,10000000
evaluation,fineweb-10m,signed,2000,3200,0.99997828125,0.99997828125,0,2405.3971875,2439,2441,2441,2441,2441,9866328.5690625,9998937,10000000,10000000,10000000,10000000,2405.3971875,2439,2441,2441,2441,2441,9866328.5690625,9998937,10000000,10000000,10000000,10000000
evaluation,fineweb-10m,signed,5000,3200,0.9999191875,0.9999191875,0,2405.3971875,2439,2441,2441,2441,2441,9866328.5690625,9998937,10000000,10000000,10000000,10000000,2405.3971875,2439,2441,2441,2441,2441,9866328.5690625,9998937,10000000,10000000,10000000,10000000
evaluation,fineweb-10m,signed,10000,3200,0.999852875,0.999852875,0,2405.3971875,2439,2441,2441,2441,2441,9866328.5690625,9998937,10000000,10000000,10000000,10000000,2405.3971875,2439,2441,2441,2441,2441,9866328.5690625,9998937,10000000,10000000,10000000,10000000
evaluation,fineweb-10m,signed,20000,3200,0.9997645625,0.9997645625,0,2405.3971875,2439,2441,2441,2441,2441,9866328.5690625,9998937,10000000,10000000,10000000,10000000,2405.3971875,2439,2441,2441,2441,2441,9866328.5690625,9998937,10000000,10000000,10000000,10000000
evaluation,fineweb-10m,signed,50000,3200,0.99959084375,0.99963745625,1,2405.3971875,2439,2441,2441,2441,2441,9866328.5690625,9998937,10000000,10000000,10000000,10000000,2405.3990625,2439,2441,2441,2441,2441,9866335.89125,9998937,10000000,10000000,10000000,10000000
evaluation,fineweb-10m,signed,100000,3200,0.99938856875,0.999473690625,1,2405.3971875,2439,2441,2441,2441,2441,9866328.5690625,9998937,10000000,10000000,10000000,10000000,2405.4028125,2439,2441,2441,2441,2441,9866351.3665625,9998937,10000000,10000000,10000000,10000000
evaluation,fineweb-10m,current,1,3200,0.4865625,0.4865625,0,1,1,1,1,1,1,4456.06,4327,6017,6716.099999999999,7914.339999999992,9551,1,1,1,1,1,1,4456.06,4327,6017,6716.099999999999,7914.339999999992,9551
evaluation,fineweb-10m,current,2,3200,1,1,0,2441,2441,2441,2441,2441,2441,10000000,10000000,10000000,10000000,10000000,10000000,2441,2441,2441,2441,2441,2441,10000000,10000000,10000000,10000000,10000000,10000000
evaluation,fineweb-10m,current,10,3200,1,1,0,2441,2441,2441,2441,2441,2441,10000000,10000000,10000000,10000000,10000000,10000000,2441,2441,2441,2441,2441,2441,10000000,10000000,10000000,10000000,10000000,10000000
evaluation,fineweb-10m,current,11,3200,1,1,0,2441,2441,2441,2441,2441,2441,10000000,10000000,10000000,10000000,10000000,10000000,2441,2441,2441,2441,2441,2441,10000000,10000000,10000000,10000000,10000000,10000000
evaluation,fineweb-10m,current,100,3200,1,1,0,2441,2441,2441,2441,2441,2441,10000000,10000000,10000000,10000000,10000000,10000000,2441,2441,2441,2441,2441,2441,10000000,10000000,10000000,10000000,10000000,10000000
evaluation,fineweb-10m,current,101,3200,1,1,0,2441,2441,2441,2441,2441,2441,10000000,10000000,10000000,10000000,10000000,10000000,2441,2441,2441,2441,2441,2441,10000000,10000000,10000000,10000000,10000000,10000000
evaluation,fineweb-10m,current,200,3200,1,1,0,2441,2441,2441,2441,2441,2441,10000000,10000000,10000000,10000000,10000000,10000000,2441,2441,2441,2441,2441,2441,10000000,10000000,10000000,10000000,10000000,10000000
evaluation,fineweb-10m,current,500,3200,1,1,0,2441,2441,2441,2441,2441,2441,10000000,10000000,10000000,10000000,10000000,10000000,2441,2441,2441,2441,2441,2441,10000000,10000000,10000000,10000000,10000000,10000000
evaluation,fineweb-10m,current,1000,3200,1,1,0,2441,2441,2441,2441,2441,2441,10000000,10000000,10000000,10000000,10000000,10000000,2441,2441,2441,2441,2441,2441,10000000,10000000,10000000,10000000,10000000,10000000
evaluation,fineweb-10m,current,1001,3200,1,1,0,2441,2441,2441,2441,2441,2441,10000000,10000000,10000000,10000000,10000000,10000000,2441,2441,2441,2441,2441,2441,10000000,10000000,10000000,10000000,10000000,10000000
evaluation,fineweb-10m,current,2000,3200,1,1,0,2441,2441,2441,2441,2441,2441,10000000,10000000,10000000,10000000,10000000,10000000,2441,2441,2441,2441,2441,2441,10000000,10000000,10000000,10000000,10000000,10000000
evaluation,fineweb-10m,current,5000,3200,1,1,0,2441,2441,2441,2441,2441,2441,10000000,10000000,10000000,10000000,10000000,10000000,2441,2441,2441,2441,2441,2441,10000000,10000000,10000000,10000000,10000000,10000000
evaluation,fineweb-10m,current,10000,3200,1,1,0,2441,2441,2441,2441,2441,2441,10000000,10000000,10000000,10000000,10000000,10000000,2441,2441,2441,2441,2441,2441,10000000,10000000,10000000,10000000,10000000,10000000
evaluation,fineweb-10m,current,20000,3200,1,1,0,2441,2441,2441,2441,2441,2441,10000000,10000000,10000000,10000000,10000000,10000000,2441,2441,2441,2441,2441,2441,10000000,10000000,10000000,10000000,10000000,10000000
evaluation,fineweb-10m,current,50000,3200,1,1,0,2441,2441,2441,2441,2441,2441,10000000,10000000,10000000,10000000,10000000,10000000,2441,2441,2441,2441,2441,2441,10000000,10000000,10000000,10000000,10000000,10000000
evaluation,fineweb-10m,current,100000,3200,1,1,0,2441,2441,2441,2441,2441,2441,10000000,10000000,10000000,10000000,10000000,10000000,2441,2441,2441,2441,2441,2441,10000000,10000000,10000000,10000000,10000000,10000000
evaluation,fineweb-10m,reference_profiles,1,3200,0.9425,0.9425,0,22.9134375,17,50,50,50,50,94662.249375,72970.5,204225.8,210864.34999999998,221310.71999999997,237399,22.9134375,17,50,50,50,50,94662.249375,72970.5,204225.8,210864.34999999998,221310.71999999997,237399
evaluation,fineweb-10m,reference_profiles,2,3200,0.96203125,0.96203125,0,38.535625,31,77,77,77,77,158012.748125,127360,315838.8,323321.64999999997,337663.39999999997,360950,38.535625,31,77,77,77,77,158012.748125,127360,315838.8,323321.64999999997,337663.39999999997,360950
evaluation,fineweb-10m,reference_profiles,10,3200,0.9454375,0.9454375,0,38.535625,31,77,77,77,77,158012.748125,127360,315838.8,323321.64999999997,337663.39999999997,360950,38.535625,31,77,77,77,77,158012.748125,127360,315838.8,323321.64999999997,337663.39999999997,360950
evaluation,fineweb-10m,reference_profiles,11,3200,0.9669602272727272,0.9669602272727272,0,67.2634375,76,106,106,106,106,274267.64,313582.5,440492.3,448738.35,461093.00999999995,480738,67.2634375,76,106,106,106,106,274267.64,313582.5,440492.3,448738.35,461093.00999999995,480738
evaluation,fineweb-10m,reference_profiles,100,3200,0.94980625,0.94980625,0,67.2634375,76,106,106,106,106,274267.64,313582.5,440492.3,448738.35,461093.00999999995,480738,67.2634375,76,106,106,106,106,274267.64,313582.5,440492.3,448738.35,461093.00999999995,480738
evaluation,fineweb-10m,reference_profiles,101,3200,0.9653589108910892,0.9653589108910892,0,97.3621875,104,156,156,156,156,396550.6259375,426787,644403,654373.4,668626.6699999999,690352,97.3621875,104,156,156,156,156,396550.6259375,426787,644403,654373.4,668626.6699999999,690352
evaluation,fineweb-10m,reference_profiles,200,3200,0.9591015625,0.9591015625,0,97.3621875,104,156,156,156,156,396550.6259375,426787,644403,654373.4,668626.6699999999,690352,97.3621875,104,156,156,156,156,396550.6259375,426787,644403,654373.4,668626.6699999999,690352
evaluation,fineweb-10m,reference_profiles,500,3200,0.959605,0.959605,0,124.7903125,144,192,192,192,192,507809.749375,590398.5,793866.4,804305.1,819365.28,837527,124.7903125,144,192,192,192,192,507809.749375,590398.5,793866.4,804305.1,819365.28,837527
evaluation,fineweb-10m,reference_profiles,1000,3200,0.959991875,0.959991875,0,156.583125,171,248,248,248,248,637441.4025,695997.5,1023015.6,1034172.6,1052764.8,1069318,156.583125,171,248,248,248,248,637441.4025,695997.5,1023015.6,1034172.6,1052764.8,1069318
evaluation,fineweb-10m,reference_profiles,10000,3200,0.9600186875,0.9600186875,0,352.9225,447,447,447,447,447,1439019.6009375,1796654.5,1853273,1863320.05,1883781.48,1911025,352.9225,447,447,447,447,447,1439019.6009375,1796654.5,1853273,1863320.05,1883781.48,1911025
evaluation,fineweb-10m,reference_profiles,100000,3200,0.9604223,0.9604223,0,802.5903125,738,958,958,958,958,3288344.235625,3047839.5,3940943.3,3963982.9,3996440.63,4029821,802.5903125,738,958,958,958,958,3288344.235625,3047839.5,3940943.3,3963982.9,3996440.63,4029821
evaluation,wiki-cohere-35m,gap,1,2500,1,1,0,8494.9208,8501,8520,8523,8529,8537,34995346.3576,34999804.5,34999922,34999939,34999958,34999984,8494.9208,8501,8520,8523,8529,8537,34995346.3576,34999804.5,34999922,34999939,34999958,34999984
evaluation,wiki-cohere-35m,gap,2,2500,1,1,0,8494.9208,8501,8520,8523,8529,8537,34995346.3576,34999804.5,34999922,34999939,34999958,34999984,8494.9208,8501,8520,8523,8529,8537,34995346.3576,34999804.5,34999922,34999939,34999958,34999984
evaluation,wiki-cohere-35m,gap,10,2500,1,1,0,8494.9208,8501,8520,8523,8529,8537,34995346.3576,34999804.5,34999922,34999939,34999958,34999984,8494.9208,8501,8520,8523,8529,8537,34995346.3576,34999804.5,34999922,34999939,34999958,34999984
evaluation,wiki-cohere-35m,gap,11,2500,1,1,0,8494.9208,8501,8520,8523,8529,8537,34995346.3576,34999804.5,34999922,34999939,34999958,34999984,8494.9208,8501,8520,8523,8529,8537,34995346.3576,34999804.5,34999922,34999939,34999958,34999984
evaluation,wiki-cohere-35m,gap,100,2500,1,1,0,8494.9208,8501,8520,8523,8529,8537,34995346.3576,34999804.5,34999922,34999939,34999958,34999984,8494.9208,8501,8520,8523,8529,8537,34995346.3576,34999804.5,34999922,34999939,34999958,34999984
evaluation,wiki-cohere-35m,gap,101,2500,1,1,0,8494.9208,8501,8520,8523,8529,8537,34995346.3576,34999804.5,34999922,34999939,34999958,34999984,8494.9208,8501,8520,8523,8529,8537,34995346.3576,34999804.5,34999922,34999939,34999958,34999984
evaluation,wiki-cohere-35m,gap,200,2500,1,1,0,8494.9208,8501,8520,8523,8529,8537,34995346.3576,34999804.5,34999922,34999939,34999958,34999984,8494.9208,8501,8520,8523,8529,8537,34995346.3576,34999804.5,34999922,34999939,34999958,34999984
evaluation,wiki-cohere-35m,gap,500,2500,1,1,0,8494.9208,8501,8520,8523,8529,8537,34995346.3576,34999804.5,34999922,34999939,34999958,34999984,8494.9208,8501,8520,8523,8529,8537,34995346.3576,34999804.5,34999922,34999939,34999958,34999984
evaluation,wiki-cohere-35m,gap,1000,2500,1,1,0,8494.9208,8501,8520,8523,8529,8537,34995346.3576,34999804.5,34999922,34999939,34999958,34999984,8494.9208,8501,8520,8523,8529,8537,34995346.3576,34999804.5,34999922,34999939,34999958,34999984
evaluation,wiki-cohere-35m,gap,1001,2500,1,1,0,8494.9208,8501,8520,8523,8529,8537,34995346.3576,34999804.5,34999922,34999939,34999958,34999984,8494.9208,8501,8520,8523,8529,8537,34995346.3576,34999804.5,34999922,34999939,34999958,34999984
evaluation,wiki-cohere-35m,gap,2000,2500,1,1,0,8494.9208,8501,8520,8523,8529,8537,34995346.3576,34999804.5,34999922,34999939,34999958,34999984,8494.9208,8501,8520,8523,8529,8537,34995346.3576,34999804.5,34999922,34999939,34999958,34999984
evaluation,wiki-cohere-35m,gap,5000,2500,0.99999984,0.99999984,0,8494.9208,8501,8520,8523,8529,8537,34995346.3576,34999804.5,34999922,34999939,34999958,34999984,8494.9208,8501,8520,8523,8529,8537,34995346.3576,34999804.5,34999922,34999939,34999958,34999984
evaluation,wiki-cohere-35m,gap,10000,2500,0.99999992,0.99999992,0,8494.9208,8501,8520,8523,8529,8537,34995346.3576,34999804.5,34999922,34999939,34999958,34999984,8494.9208,8501,8520,8523,8529,8537,34995346.3576,34999804.5,34999922,34999939,34999958,34999984
evaluation,wiki-cohere-35m,gap,20000,2500,0.99999994,0.99999994,0,8494.9208,8501,8520,8523,8529,8537,34995346.3576,34999804.5,34999922,34999939,34999958,34999984,8494.9208,8501,8520,8523,8529,8537,34995346.3576,34999804.5,34999922,34999939,34999958,34999984
evaluation,wiki-cohere-35m,gap,50000,2500,0.999999944,0.999999944,0,8494.9208,8501,8520,8523,8529,8537,34995346.3576,34999804.5,34999922,34999939,34999958,34999984,8494.9208,8501,8520,8523,8529,8537,34995346.3576,34999804.5,34999922,34999939,34999958,34999984
evaluation,wiki-cohere-35m,gap,100000,2500,0.99999992,0.99999992,0,8494.9208,8501,8520,8523,8529,8537,34995346.3576,34999804.5,34999922,34999939,34999958,34999984,8494.9208,8501,8520,8523,8529,8537,34995346.3576,34999804.5,34999922,34999939,34999958,34999984
evaluation,wiki-cohere-35m,current,1,2500,0.4428,0.4428,0,1,1,1,1,1,1,4623.1308,4562.5,6287.299999999999,6692,8062.179999999996,12250,1,1,1,1,1,1,4623.1308,4562.5,6287.299999999999,6692,8062.179999999996,12250
evaluation,wiki-cohere-35m,current,2,2500,1,1,0,8545,8545,8545,8545,8545,8545,35000000,35000000,35000000,35000000,35000000,35000000,8545,8545,8545,8545,8545,8545,35000000,35000000,35000000,35000000,35000000,35000000
evaluation,wiki-cohere-35m,current,10,2500,1,1,0,8545,8545,8545,8545,8545,8545,35000000,35000000,35000000,35000000,35000000,35000000,8545,8545,8545,8545,8545,8545,35000000,35000000,35000000,35000000,35000000,35000000
evaluation,wiki-cohere-35m,current,11,2500,1,1,0,8545,8545,8545,8545,8545,8545,35000000,35000000,35000000,35000000,35000000,35000000,8545,8545,8545,8545,8545,8545,35000000,35000000,35000000,35000000,35000000,35000000
evaluation,wiki-cohere-35m,current,100,2500,1,1,0,8545,8545,8545,8545,8545,8545,35000000,35000000,35000000,35000000,35000000,35000000,8545,8545,8545,8545,8545,8545,35000000,35000000,35000000,35000000,35000000,35000000
evaluation,wiki-cohere-35m,current,101,2500,1,1,0,8545,8545,8545,8545,8545,8545,35000000,35000000,35000000,35000000,35000000,35000000,8545,8545,8545,8545,8545,8545,35000000,35000000,35000000,35000000,35000000,35000000
evaluation,wiki-cohere-35m,current,200,2500,1,1,0,8545,8545,8545,8545,8545,8545,35000000,35000000,35000000,35000000,35000000,35000000,8545,8545,8545,8545,8545,8545,35000000,35000000,35000000,35000000,35000000,35000000
evaluation,wiki-cohere-35m,current,500,2500,1,1,0,8545,8545,8545,8545,8545,8545,35000000,35000000,35000000,35000000,35000000,35000000,8545,8545,8545,8545,8545,8545,35000000,35000000,35000000,35000000,35000000,35000000
evaluation,wiki-cohere-35m,current,1000,2500,1,1,0,8545,8545,8545,8545,8545,8545,35000000,35000000,35000000,35000000,35000000,35000000,8545,8545,8545,8545,8545,8545,35000000,35000000,35000000,35000000,35000000,35000000
evaluation,wiki-cohere-35m,current,1001,2500,1,1,0,8545,8545,8545,8545,8545,8545,35000000,35000000,35000000,35000000,35000000,35000000,8545,8545,8545,8545,8545,8545,35000000,35000000,35000000,35000000,35000000,35000000
evaluation,wiki-cohere-35m,current,2000,2500,1,1,0,8545,8545,8545,8545,8545,8545,35000000,35000000,35000000,35000000,35000000,35000000,8545,8545,8545,8545,8545,8545,35000000,35000000,35000000,35000000,35000000,35000000
evaluation,wiki-cohere-35m,current,5000,2500,1,1,0,8545,8545,8545,8545,8545,8545,35000000,35000000,35000000,35000000,35000000,35000000,8545,8545,8545,8545,8545,8545,35000000,35000000,35000000,35000000,35000000,35000000
evaluation,wiki-cohere-35m,current,10000,2500,1,1,0,8545,8545,8545,8545,8545,8545,35000000,35000000,35000000,35000000,35000000,35000000,8545,8545,8545,8545,8545,8545,35000000,35000000,35000000,35000000,35000000,35000000
evaluation,wiki-cohere-35m,current,20000,2500,1,1,0,8545,8545,8545,8545,8545,8545,35000000,35000000,35000000,35000000,35000000,35000000,8545,8545,8545,8545,8545,8545,35000000,35000000,35000000,35000000,35000000,35000000
evaluation,wiki-cohere-35m,current,50000,2500,1,1,0,8545,8545,8545,8545,8545,8545,35000000,35000000,35000000,35000000,35000000,35000000,8545,8545,8545,8545,8545,8545,35000000,35000000,35000000,35000000,35000000,35000000
evaluation,wiki-cohere-35m,current,100000,2500,1,1,0,8545,8545,8545,8545,8545,8545,35000000,35000000,35000000,35000000,35000000,35000000,8545,8545,8545,8545,8545,8545,35000000,35000000,35000000,35000000,35000000,35000000
evaluation,wiki-cohere-35m,reference_profiles,1,2500,0.9468,0.9468,0,111.988,112,112,112,112,112,489485.836,488250,521334.3,529471.7,547536.8499999999,564861,111.988,112,112,112,112,112,489485.836,488250,521334.3,529471.7,547536.8499999999,564861
evaluation,wiki-cohere-35m,reference_profiles,2,2500,0.9706,0.9706,0,267.3124,226.5,432,432,432,432,1174411.3612,990838.5,1945116,1975489.7,2019112.3599999999,2068671,267.3124,226.5,432,432,432,432,1174411.3612,990838.5,1945116,1975489.7,2019112.3599999999,2068671
evaluation,wiki-cohere-35m,reference_profiles,10,2500,0.95328,0.95328,0,267.3124,226.5,432,432,432,432,1174411.3612,990838.5,1945116,1975489.7,2019112.3599999999,2068671,267.3124,226.5,432,432,432,432,1174411.3612,990838.5,1945116,1975489.7,2019112.3599999999,2068671
evaluation,wiki-cohere-35m,reference_profiles,11,2500,0.9695272727272727,0.9695272727272727,0,449.6492,383.5,768,768,768,768,1979316.89,1681832,3444633.6,3495119.15,3559850.96,3662510,449.6492,383.5,768,768,768,768,1979316.89,1681832,3444633.6,3495119.15,3559850.96,3662510
evaluation,wiki-cohere-35m,reference_profiles,100,2500,0.956644,0.956644,0,449.6492,383.5,768,768,768,768,1979316.89,1681832,3444633.6,3495119.15,3559850.96,3662510,449.6492,383.5,768,768,768,768,1979316.89,1681832,3444633.6,3495119.15,3559850.96,3662510
evaluation,wiki-cohere-35m,reference_profiles,101,2500,0.9630574257425742,0.9630574257425742,0,538.5032,540,833,833,833,833,2371000.35,2367576,3751234.9,3796772.9499999997,3861226.15,3966840,538.5032,540,833,833,833,833,2371000.35,2367576,3751234.9,3796772.9499999997,3861226.15,3966840
evaluation,wiki-cohere-35m,reference_profiles,200,2500,0.959422,0.959422,0,538.5032,540,833,833,833,833,2371000.35,2367576,3751234.9,3796772.9499999997,3861226.15,3966840,538.5032,540,833,833,833,833,2371000.35,2367576,3751234.9,3796772.9499999997,3861226.15,3966840
evaluation,wiki-cohere-35m,reference_profiles,500,2500,0.9599848,0.9599848,0,630.4264,636.5,971,971,971,971,2776908.1968,2811605,4372374.7,4418908.6,4482694.2299999995,4589781,630.4264,636.5,971,971,971,971,2776908.1968,2811605,4372374.7,4418908.6,4482694.2299999995,4589781
evaluation,wiki-cohere-35m,reference_profiles,1000,2500,0.9602052,0.9602052,0,721.7112,754.5,1092,1092,1092,1092,3179433.6824,3316164,4915778.6,4964192.45,5032328.22,5128163,721.7112,754.5,1092,1092,1092,1092,3179433.6824,3316164,4915778.6,4964192.45,5032328.22,5128163
evaluation,wiki-cohere-35m,reference_profiles,10000,2500,0.96069512,0.96069512,0,1262.1724,1401,1824,1824,1824,1824,5567928.3288,6184804.5,8192742.5,8249964.5,8340149.909999999,8443818,1262.1724,1401,1824,1824,1824,1824,5567928.3288,6184804.5,8192742.5,8249964.5,8340149.909999999,8443818
evaluation,wiki-cohere-35m,reference_profiles,100000,2500,0.96112036,0.96112036,0,2528,2528,2528,2528,2528,2528,11148459.0176,11159935.5,11352922.8,11403821.25,11492390.59,11584594,2528,2528,2528,2528,2528,2528,11148459.0176,11159935.5,11352922.8,11403821.25,11492390.59,11584594
evaluation,dpr-wikipedia-single-nq,gap,1,1805,0.9994459833795014,0.9994459833795014,0,1299.9789473684211,1155,2275.6000000000004,2576,3210.8,3750,5255334.544044321,4677256,9226994.200000001,10449361,13115670.080000002,15322316,1299.9789473684211,1155,2275.6000000000004,2576,3210.8,3750,5255334.544044321,4677256,9226994.200000001,10449361,13115670.080000002,15322316
evaluation,dpr-wikipedia-single-nq,gap,2,1805,0.9997229916897507,0.9997229916897507,0,1299.9789473684211,1155,2275.6000000000004,2576,3210.8,3750,5255334.544044321,4677256,9226994.200000001,10449361,13115670.080000002,15322316,1299.9789473684211,1155,2275.6000000000004,2576,3210.8,3750,5255334.544044321,4677256,9226994.200000001,10449361,13115670.080000002,15322316
evaluation,dpr-wikipedia-single-nq,gap,10,1805,0.9995013850415513,0.9995013850415513,0,1299.9789473684211,1155,2275.6000000000004,2576,3210.8,3750,5255334.544044321,4677256,9226994.200000001,10449361,13115670.080000002,15322316,1299.9789473684211,1155,2275.6000000000004,2576,3210.8,3750,5255334.544044321,4677256,9226994.200000001,10449361,13115670.080000002,15322316
evaluation,dpr-wikipedia-single-nq,gap,11,1805,0.9995467136741375,0.9995467136741375,0,1299.9789473684211,1155,2275.6000000000004,2576,3210.8,3750,5255334.544044321,4677256,9226994.200000001,10449361,13115670.080000002,15322316,1299.9789473684211,1155,2275.6000000000004,2576,3210.8,3750,5255334.544044321,4677256,9226994.200000001,10449361,13115670.080000002,15322316
evaluation,dpr-wikipedia-single-nq,gap,100,1805,0.998808864265928,0.998808864265928,0,1299.9789473684211,1155,2275.6000000000004,2576,3210.8,3750,5255334.544044321,4677256,9226994.200000001,10449361,13115670.080000002,15322316,1299.9789473684211,1155,2275.6000000000004,2576,3210.8,3750,5255334.544044321,4677256,9226994.200000001,10449361,13115670.080000002,15322316
evaluation,dpr-wikipedia-single-nq,gap,101,1805,0.9988096870628891,0.9988096870628891,0,1299.9789473684211,1155,2275.6000000000004,2576,3210.8,3750,5255334.544044321,4677256,9226994.200000001,10449361,13115670.080000002,15322316,1299.9789473684211,1155,2275.6000000000004,2576,3210.8,3750,5255334.544044321,4677256,9226994.200000001,10449361,13115670.080000002,15322316
evaluation,dpr-wikipedia-single-nq,gap,200,1805,0.998415512465374,0.998415512465374,0,1299.9789473684211,1155,2275.6000000000004,2576,3210.8,3750,5255334.544044321,4677256,9226994.200000001,10449361,13115670.080000002,15322316,1299.9789473684211,1155,2275.6000000000004,2576,3210.8,3750,5255334.544044321,4677256,9226994.200000001,10449361,13115670.080000002,15322316
evaluation,dpr-wikipedia-single-nq,gap,500,1805,0.9977717451523546,0.9977717451523546,0,1299.9789473684211,1155,2275.6000000000004,2576,3210.8,3750,5255334.544044321,4677256,9226994.200000001,10449361,13115670.080000002,15322316,1299.9789473684211,1155,2275.6000000000004,2576,3210.8,3750,5255334.544044321,4677256,9226994.200000001,10449361,13115670.080000002,15322316
evaluation,dpr-wikipedia-single-nq,gap,1000,1805,0.9970393351800554,0.9970393351800554,0,1299.9789473684211,1155,2275.6000000000004,2576,3210.8,3750,5255334.544044321,4677256,9226994.200000001,10449361,13115670.080000002,15322316,1299.9789473684211,1155,2275.6000000000004,2576,3210.8,3750,5255334.544044321,4677256,9226994.200000001,10449361,13115670.080000002,15322316
evaluation,dpr-wikipedia-single-nq,gap,1001,1805,0.9970384186450668,0.9970384186450668,0,1299.9789473684211,1155,2275.6000000000004,2576,3210.8,3750,5255334.544044321,4677256,9226994.200000001,10449361,13115670.080000002,15322316,1299.9789473684211,1155,2275.6000000000004,2576,3210.8,3750,5255334.544044321,4677256,9226994.200000001,10449361,13115670.080000002,15322316
evaluation,dpr-wikipedia-single-nq,gap,2000,1805,0.9959304709141275,0.9959304709141275,0,1299.9789473684211,1155,2275.6000000000004,2576,3210.8,3750,5255334.544044321,4677256,9226994.200000001,10449361,13115670.080000002,15322316,1299.9789473684211,1155,2275.6000000000004,2576,3210.8,3750,5255334.544044321,4677256,9226994.200000001,10449361,13115670.080000002,15322316
evaluation,dpr-wikipedia-single-nq,gap,5000,1805,0.9936073130193905,0.9936073130193905,0,1299.9789473684211,1155,2275.6000000000004,2576,3210.8,3750,5255334.544044321,4677256,9226994.200000001,10449361,13115670.080000002,15322316,1299.9789473684211,1155,2275.6000000000004,2576,3210.8,3750,5255334.544044321,4677256,9226994.200000001,10449361,13115670.080000002,15322316
evaluation,dpr-wikipedia-single-nq,gap,10000,1805,0.9906613850415512,0.9906613850415512,0,1299.9789473684211,1155,2275.6000000000004,2576,3210.8,3750,5255334.544044321,4677256,9226994.200000001,10449361,13115670.080000002,15322316,1299.9789473684211,1155,2275.6000000000004,2576,3210.8,3750,5255334.544044321,4677256,9226994.200000001,10449361,13115670.080000002,15322316
evaluation,dpr-wikipedia-single-nq,gap,20000,1805,0.986018864265928,0.986018864265928,0,1299.9789473684211,1155,2275.6000000000004,2576,3210.8,3750,5255334.544044321,4677256,9226994.200000001,10449361,13115670.080000002,15322316,1299.9789473684211,1155,2275.6000000000004,2576,3210.8,3750,5255334.544044321,4677256,9226994.200000001,10449361,13115670.080000002,15322316
evaluation,dpr-wikipedia-single-nq,gap,50000,1805,0.9751613185595568,0.9751613185595568,0,1299.9789473684211,1155,2275.6000000000004,2576,3210.8,3750,5255334.544044321,4677256,9226994.200000001,10449361,13115670.080000002,15322316,1299.9789473684211,1155,2275.6000000000004,2576,3210.8,3750,5255334.544044321,4677256,9226994.200000001,10449361,13115670.080000002,15322316
evaluation,dpr-wikipedia-single-nq,gap,100000,1805,0.9607887700831025,0.9607887700831025,0,1299.9789473684211,1155,2275.6000000000004,2576,3210.8,3750,5255334.544044321,4677256,9226994.200000001,10449361,13115670.080000002,15322316,1299.9789473684211,1155,2275.6000000000004,2576,3210.8,3750,5255334.544044321,4677256,9226994.200000001,10449361,13115670.080000002,15322316
evaluation,dpr-wikipedia-single-nq,current,1,1805,1,1,0,3576.9401662049863,3683,4450.8,4583.8,4782.8,4953,14622237.383379502,15067966,18235623,18804530.4,19612137.4,20336297,3576.9401662049863,3683,4450.8,4583.8,4782.8,4953,14622237.383379502,15067966,18235623,18804530.4,19612137.4,20336297
evaluation,dpr-wikipedia-single-nq,current,2,1805,0.30692520775623267,0.30692520775623267,0,1,1,1,1,1,1,4001.315789473684,3907,5224.200000000001,5591,6325.84,9545,1,1,1,1,1,1,4001.315789473684,3907,5224.200000000001,5591,6325.84,9545
evaluation,dpr-wikipedia-single-nq,current,10,1805,0.2788919667590028,0.2788919667590028,0,1,1,1,1,1,1,4001.315789473684,3907,5224.200000000001,5591,6325.84,9545,1,1,1,1,1,1,4001.315789473684,3907,5224.200000000001,5591,6325.84,9545
evaluation,dpr-wikipedia-single-nq,current,11,1805,0.27761269201712413,0.27761269201712413,0,1,1,1,1,1,1,4001.315789473684,3907,5224.200000000001,5591,6325.84,9545,1,1,1,1,1,1,4001.315789473684,3907,5224.200000000001,5591,6325.84,9545
evaluation,dpr-wikipedia-single-nq,current,100,1805,0.24,0.24,0,1,1,1,1,1,1,4001.315789473684,3907,5224.200000000001,5591,6325.84,9545,1,1,1,1,1,1,4001.315789473684,3907,5224.200000000001,5591,6325.84,9545
evaluation,dpr-wikipedia-single-nq,current,101,1805,0.2398288582320836,0.2398288582320836,0,1,1,1,1,1,1,4001.315789473684,3907,5224.200000000001,5591,6325.84,9545,1,1,1,1,1,1,4001.315789473684,3907,5224.200000000001,5591,6325.84,9545
evaluation,dpr-wikipedia-single-nq,current,200,1805,0.22536842105263158,0.22536842105263158,0,1,1,1,1,1,1,4001.315789473684,3907,5224.200000000001,5591,6325.84,9545,1,1,1,1,1,1,4001.315789473684,3907,5224.200000000001,5591,6325.84,9545
evaluation,dpr-wikipedia-single-nq,current,500,1805,0.2008698060941828,0.2008698060941828,0,1,1,1,1,1,1,4001.315789473684,3907,5224.200000000001,5591,6325.84,9545,1,1,1,1,1,1,4001.315789473684,3907,5224.200000000001,5591,6325.84,9545
evaluation,dpr-wikipedia-single-nq,current,1000,1805,0.18028698060941828,0.1804027700831025,2,1,1,1,1,1,1,4001.315789473684,3907,5224.200000000001,5591,6325.84,9545,1.0011080332409972,1,1,1,1,2,4005.905817174515,3908,5224.200000000001,5591,6325.84,9545
evaluation,dpr-wikipedia-single-nq,current,1001,1805,0.18025077415659133,0.18036644795647566,2,1,1,1,1,1,1,4001.315789473684,3907,5224.200000000001,5591,6325.84,9545,1.0011080332409972,1,1,1,1,2,4005.905817174515,3908,5224.200000000001,5591,6325.84,9545
evaluation,dpr-wikipedia-single-nq,current,2000,1805,0.15673102493074792,0.15797922437673131,28,1,1,1,1,1,1,4001.315789473684,3907,5224.200000000001,5591,6325.84,9545,1.0155124653739611,1,1,1,2,2,4056.8842105263157,3947,5226,5648,6539.920000000005,9545
evaluation,dpr-wikipedia-single-nq,current,5000,1805,0.12172,0.19009351800554017,1561,1,1,1,1,1,1,4001.315789473684,3907,5224.200000000001,5591,6325.84,9545,1.8803324099722991,2,2,2,3,3,7505.551800554017,7631,9150.2,9631.599999999999,10445.36,12164
evaluation,dpr-wikipedia-single-nq,current,10000,1805,0.09416631578947368,0.20934149584487535,1805,1,1,1,1,1,1,4001.315789473684,3907,5224.200000000001,5591,6325.84,9545,3.0481994459833794,3,4,4,4,5,12145.495844875346,12043,13839,14426.4,15477.96,16727
evaluation,dpr-wikipedia-single-nq,current,20000,1805,0.06826008310249307,0.23738880886426592,1805,1,1,1,1,1,1,4001.315789473684,3907,5224.200000000001,5591,6325.84,9545,5.56398891966759,6,6,7,7,8,22090.797229916898,21982,23908.8,24270,25174.800000000003,27934
evaluation,dpr-wikipedia-single-nq,current,50000,1805,0.040458936288088644,0.27641395013850417,1805,1,1,1,1,1,1,4001.315789473684,3907,5224.200000000001,5591,6325.84,9545,13.181717451523546,13,14,15,16,19,52059.527423822714,51956,53839.6,54304.4,55363.520000000004,57792
evaluation,dpr-wikipedia-single-nq,current,100000,1805,0.02538113573407202,0.306923540166205,1805,1,1,1,1,1,1,4001.315789473684,3907,5224.200000000001,5591,6325.84,9545,25.897506925207757,26,28,29,30,33,101978.59944598337,101834,103779.2,104210.4,105215.92,106303
evaluation,dpr-wikipedia-single-nq,reference_profiles,1,1805,0.9662049861495845,0.9662049861495845,0,94.68698060941828,112,112,112,112,112,375158.3457063712,426917,461930.4,467208.4,473915.36,485963,94.68698060941828,112,112,112,112,112,375158.3457063712,426917,461930.4,467208.4,473915.36,485963
evaluation,dpr-wikipedia-single-nq,reference_profiles,2,1805,0.9770083102493075,0.9770083102493075,0,144,144,144,144,144,144,570427.0714681441,570469,594960.2,599559.2,610668.96,620153,144,144,144,144,144,144,570427.0714681441,570469,594960.2,599559.2,610668.96,620153
evaluation,dpr-wikipedia-single-nq,reference_profiles,10,1805,0.9655401662049862,0.9655401662049862,0,144,144,144,144,144,144,570427.0714681441,570469,594960.2,599559.2,610668.96,620153,144,144,144,144,144,144,570427.0714681441,570469,594960.2,599559.2,610668.96,620153
evaluation,dpr-wikipedia-single-nq,reference_profiles,11,1805,0.9776882397381013,0.9776882397381013,0,200,200,200,200,200,200,794285.1950138505,794425,825154.8,832678.2,847120.72,861477,200,200,200,200,200,200,794285.1950138505,794425,825154.8,832678.2,847120.72,861477
evaluation,dpr-wikipedia-single-nq,reference_profiles,100,1805,0.9622326869806094,0.9622326869806094,0,200,200,200,200,200,200,794285.1950138505,794425,825154.8,832678.2,847120.72,861477,200,200,200,200,200,200,794285.1950138505,794425,825154.8,832678.2,847120.72,861477
evaluation,dpr-wikipedia-single-nq,reference_profiles,101,1805,0.9639230959106991,0.9639230959106991,0,211,211,211,211,211,211,838275.5861495845,837591,870140,877650.8,892549.68,904985,211,211,211,211,211,211,838275.5861495845,837591,870140,877650.8,892549.68,904985
evaluation,dpr-wikipedia-single-nq,reference_profiles,200,1805,0.9600858725761773,0.9600858725761773,0,211,211,211,211,211,211,838275.5861495845,837591,870140,877650.8,892549.68,904985,211,211,211,211,211,211,838275.5861495845,837591,870140,877650.8,892549.68,904985
evaluation,dpr-wikipedia-single-nq,reference_profiles,500,1805,0.959632132963989,0.959632132963989,0,244,244,244,244,244,244,970433.5379501386,970334,1005448.6,1015343.8,1031372.2,1050404,244,244,244,244,244,244,970433.5379501386,970334,1005448.6,1015343.8,1031372.2,1050404
evaluation,dpr-wikipedia-single-nq,reference_profiles,1000,1805,0.9592642659279779,0.9592642659279779,0,279,279,279,279,279,279,1111011.535734072,1109672,1148960.2,1160651.8,1180500.8800000001,1198191,279,279,279,279,279,279,1111011.535734072,1109672,1148960.2,1160651.8,1180500.8800000001,1198191
evaluation,dpr-wikipedia-single-nq,reference_profiles,10000,1805,0.9587913019390581,0.9587913019390581,0,517,517,517,517,517,517,2069211.4747922437,2065486,2129113,2146249,2168003.2,2189016,517,517,517,517,517,517,2069211.4747922437,2065486,2129113,2146249,2168003.2,2189016
evaluation,dpr-wikipedia-single-nq,reference_profiles,100000,1805,0.9594831468144044,0.9594831468144044,0,1119.457617728532,1009,1442.8000000000004,1718.3999999999999,2336.1600000000008,2528,4510521.706371191,4088911,5820220.000000001,6975430.599999999,9498202.36,10307992,1119.457617728532,1009,1442.8000000000004,1718.3999999999999,2336.1600000000008,2528,4510521.706371191,4088911,5820220.000000001,6975430.599999999,9498202.36,10307992
